Rank1,Rank2,Rank3,Rank4,Rank5,Rank6,Rank7,Rank8,Rank9,Rank10,Rank11,Rank12,Rank13,Rank14,Rank15,Rank16,Rank17,Rank18,Rank19,Rank20,Rank21,Rank22,Rank23,Rank24,Rank25,Rank26,Rank27,Rank28,Rank29,Rank30,Rank31,Rank32,Rank33,Rank34,Rank35,Rank36,Rank37,Rank38,Rank39,Rank40,Rank41,Rank42,Rank43,Rank44,Rank45,Rank46,Rank47,Rank48,Rank49,Rank50,Rank51,Rank52
50,35,16,14,36,20,19,15,12,25,28,38,30,29,34,17,52,41,37,1,27,21,10,43,51,32,6,18,26,40,33,47,3,8,5,4,22,44,13,48,9,7,46,2,11,49,39,31,23,24,42,45
2,7,22,3,48,1,26,4,32,12,33,42,40,13,27,11,14,24,36,17,6,23,8,20,41,44,18,39,35,34,31,28,49,43,45,50,25,51,46,37,29,38,16,10,15,19,30,47,52,9,21,5
49,35,20,31,17,32,34,23,41,1,4,42,33,50,18,10,46,7,30,14,21,24,25,37,22,12,40,26,51,16,6,39,2,45,48,5,52,28,9,38,36,13,47,27,19,44,43,15,29,3,8,11
42,50,49,37,33,11,28,39,40,17,6,25,15,21,46,8,47,19,27,48,18,41,29,5,44,24,52,38,22,13,20,1,16,9,51,32,26,4,10,43,12,35,30,3,2,45,36,14,34,23,31,7
4,19,28,18,5,30,36,47,11,43,20,17,7,16,35,1,41,29,15,33,14,49,21,39,26,51,48,3,25,6,31,24,52,38,27,13,40,34,32,37,46,44,23,2,50,10,22,45,12,8,42,9
7,33,52,45,51,40,2,27,43,16,47,26,3,8,29,15,9,6,36,31,46,50,19,25,22,34,48,1,35,30,12,42,37,39,23,14,5,49,17,13,4,32,41,10,20,44,11,24,28,18,21,38
11,2,4,20,52,13,25,39,34,45,51,38,7,33,16,50,36,9,24,8,18,1,29,48,3,49,26,12,32,28,43,19,37,5,23,22,41,30,42,21,44,14,35,6,31,40,47,17,27,10,46,15
36,25,11,20,24,33,48,50,21,49,13,7,15,35,2,9,29,5,4,45,17,37,6,26,38,46,16,51,18,28,41,14,52,31,1,12,22,43,47,27,8,34,44,39,40,10,19,30,32,3,23,42
42,36,51,11,9,19,31,39,47,44,7,41,52,30,33,10,26,35,17,24,34,49,27,28,40,4,15,37,45,48,32,18,3,1,38,16,6,23,22,13,14,12,20,21,8,46,50,25,5,43,2,29
19,24,3,36,17,9,20,32,11,12,30,4,7,44,46,8,25,41,18,39,49,29,50,31,2,37,21,34,27,22,40,28,5,26,51,6,15,16,38,1,45,48,10,13,43,33,47,23,52,35,14,42
27,33,49,18,8,34,32,25,24,37,29,21,43,35,13,41,44,5,15,47,45,6,31,26,7,2,16,10,51,38,14,48,39,50,23,19,36,1,9,52,40,46,20,3,12,42,4,17,11,30,22,28
47,7,24,28,45,46,14,8,15,43,30,6,35,33,20,17,1,23,50,48,31,26,22,40,39,10,52,9,36,29,42,11,32,49,37,34,4,18,51,13,5,21,19,16,2,38,3,44,41,25,27,12
31,45,6,47,43,12,46,3,33,29,32,17,14,28,41,10,16,5,4,9,52,37,25,19,48,35,1,36,27,15,49,21,50,51,7,8,40,13,30,20,18,39,42,44,23,22,38,11,2,26,24,34
34,20,19,13,37,25,38,51,10,33,21,12,23,30,29,46,6,41,27,28,3,5,42,17,1,48,47,22,45,44,8,49,24,35,36,11,26,16,18,14,50,43,2,15,40,9,39,32,4,52,31,7
41,49,9,28,10,52,20,1,44,38,37,27,51,16,22,18,31,46,7,2,3,40,25,13,30,45,4,14,35,23,50,21,36,5,8,29,19,6,42,33,15,24,26,17,47,43,39,11,34,12,48,32
8,45,31,40,38,13,25,44,52,49,26,30,18,11,4,16,5,35,6,42,7,15,46,10,9,22,1,39,37,24,47,33,20,14,27,43,23,29,41,32,17,2,36,3,48,50,21,51,34,28,19,12
11,41,30,35,36,23,8,28,31,19,15,49,24,44,16,3,43,10,5,17,40,20,47,37,32,48,18,12,39,9,42,27,25,4,22,45,29,6,50,14,46,1,26,51,34,52,7,21,33,13,2,38
13,43,42,11,7,30,29,33,14,19,20,15,26,38,52,44,35,18,36,22,49,5,12,51,39,21,25,48,2,9,47,6,8,16,4,1,3,50,32,23,27,41,37,46,10,45,31,17,28,34,40,24
48,7,31,46,52,47,32,9,26,1,5,2,39,13,30,49,27,21,19,36,12,4,10,6,41,24,17,42,50,23,28,22,29,51,33,40,45,16,38,11,35,18,14,15,8,34,20,25,37,43,3,44
15,33,5,37,45,26,10,51,7,36,38,50,43,40,11,18,25,35,46,30,24,47,8,52,42,48,22,14,27,23,16,9,12,49,28,32,1,6,31,13,44,29,21,19,39,2,34,41,3,20,17,4
36,47,39,30,33,38,2,19,21,6,13,22,9,48,11,51,25,20,24,27,10,7,8,46,16,17,52,28,4,32,15,43,29,1,12,49,23,18,50,41,44,35,42,31,34,40,3,45,14,5,26,37
14,11,37,31,43,1,12,35,16,40,2,6,38,27,41,18,51,30,50,22,13,48,8,34,19,42,33,47,4,28,39,45,52,21,10,26,23,24,49,20,25,36,44,9,46,3,7,5,32,15,17,29
3,52,30,37,26,49,41,19,18,33,5,21,43,36,25,15,34,46,10,29,31,44,6,38,22,42,16,2,50,11,48,20,40,32,12,14,28,27,8,24,39,9,23,1,47,4,13,51,45,35,17,7
46,44,32,17,23,36,45,47,8,25,9,27,4,30,29,20,39,7,6,15,18,28,12,50,21,37,38,5,26,13,34,19,1,42,2,22,43,41,11,16,33,51,35,24,48,52,3,10,31,14,40,49
5,24,6,22,20,35,48,16,2,39,7,38,29,8,13,45,27,18,30,44,14,26,11,42,33,17,50,43,46,15,52,19,36,49,3,1,32,21,23,37,40,10,47,51,25,4,9,41,34,12,28,31
44,28,4,18,30,22,43,52,3,15,10,35,49,26,37,21,13,12,50,45,40,42,7,17,1,39,25,9,33,14,38,5,34,24,23,36,51,6,32,20,47,27,8,2,16,29,31,41,46,48,19,11
27,25,41,18,37,5,11,9,8,43,2,51,29,34,47,13,32,45,1,48,10,44,39,16,49,28,21,24,20,6,36,3,31,23,35,17,33,46,15,52,7,14,22,19,40,26,12,38,4,50,30,42
20,6,46,3,34,10,7,5,9,35,21,48,15,14,49,45,23,4,42,18,43,12,19,33,8,2,41,22,29,17,36,47,1,32,52,26,27,24,39,16,30,11,50,38,31,25,28,13,44,37,40,51
27,4,13,8,44,39,52,31,20,1,46,45,51,10,9,50,37,33,43,5,16,25,21,40,36,12,29,19,28,47,48,26,6,15,30,11,7,41,3,34,42,23,49,17,2,32,24,14,38,22,35,18
8,16,21,7,47,23,3,29,14,9,49,51,27,6,34,52,1,22,26,12,46,37,18,20,30,33,32,19,25,11,15,43,45,17,13,50,48,2,31,4,41,5,10,39,35,28,40,24,38,42,44,36
27,23,8,17,3,31,39,29,46,32,36,19,9,28,38,11,42,12,20,22,15,51,26,50,25,49,24,10,34,41,35,2,47,43,30,4,5,6,1,18,7,37,33,45,40,48,21,14,13,16,44,52
52,25,15,8,2,7,4,49,23,21,27,33,26,46,38,5,30,50,10,47,32,16,19,13,34,28,9,41,18,3,43,14,40,44,31,35,6,12,11,20,45,36,17,1,39,22,24,29,37,51,42,48
12,14,22,20,8,31,28,47,2,24,3,48,7,42,10,15,19,40,26,35,13,18,29,51,38,1,50,16,23,21,39,5,32,4,45,41,11,30,44,9,37,27,46,52,6,36,17,49,34,43,25,33
14,31,9,6,32,24,23,45,13,49,43,25,5,42,8,35,22,46,47,7,44,51,26,2,36,21,15,17,34,4,19,3,1,27,52,50,16,10,28,12,40,20,18,38,33,11,37,41,29,30,48,39
4,15,12,44,29,49,40,36,23,47,34,32,10,14,42,21,46,1,43,51,28,33,19,22,8,13,37,31,26,52,39,41,9,17,50,35,48,20,25,7,16,18,6,5,30,45,38,3,24,11,2,27
47,51,5,52,9,1,8,14,30,6,4,2,28,44,43,48,36,24,38,19,46,12,7,21,41,32,17,27,3,20,18,39,29,49,23,31,35,33,16,45,11,13,40,42,25,50,26,22,15,10,37,34
25,5,13,19,28,1,15,12,20,43,17,48,49,35,51,45,2,31,21,41,32,8,50,29,10,46,4,14,36,40,26,22,11,30,9,44,38,6,42,52,33,16,37,39,18,7,47,24,23,3,27,34
5,29,25,52,50,2,6,24,42,15,44,45,43,40,30,46,31,41,49,51,28,14,22,26,48,39,17,32,10,37,9,23,3,33,16,1,35,7,4,8,34,18,38,13,47,21,20,11,27,19,36,12
30,47,27,52,48,9,39,7,45,6,38,35,15,43,22,49,14,10,16,40,2,5,42,18,8,23,51,32,36,29,21,33,20,50,37,26,44,31,13,19,25,12,24,1,3,28,4,46,11,41,17,34
32,13,31,28,41,12,11,26,3,1,7,4,51,20,14,6,16,42,9,29,19,21,25,37,22,47,46,18,49,10,15,50,23,8,36,27,5,40,2,43,44,48,30,33,38,45,24,52,39,35,17,34
5,32,47,49,46,41,3,42,10,31,11,14,20,2,1,8,7,9,51,52,17,12,35,13,21,6,4,27,29,18,15,39,24,16,36,28,44,26,19,50,45,34,38,23,22,43,40,30,37,33,48,25
5,37,30,9,44,23,16,33,32,11,35,12,51,26,17,7,41,10,48,25,8,3,4,27,29,46,36,50,39,14,15,40,31,18,28,24,1,19,22,21,38,13,47,6,43,20,45,34,2,42,49,52
31,27,22,28,48,1,24,7,4,36,19,33,52,32,6,12,8,38,5,50,44,14,15,34,11,51,37,13,20,39,18,17,10,16,35,3,9,45,23,43,42,40,47,21,29,26,46,25,41,49,2,30
17,44,27,11,51,22,42,36,8,1,33,4,43,34,12,38,19,47,6,35,52,10,5,32,48,23,50,39,26,31,30,41,21,28,25,2,45,20,40,14,9,7,15,29,49,46,16,18,3,13,37,24
2,9,39,47,46,42,35,14,24,5,21,28,8,32,37,29,26,22,1,43,36,12,45,10,41,7,25,18,44,33,52,50,27,31,17,51,48,15,38,3,23,34,11,40,20,16,4,13,19,6,30,49
35,27,16,9,10,52,43,26,5,37,29,22,50,41,47,48,14,1,21,42,25,51,40,38,30,2,13,20,8,15,6,31,23,34,17,39,4,36,19,7,12,28,45,49,46,32,18,3,33,44,11,24
14,25,35,13,47,11,27,21,50,19,22,29,24,17,52,23,16,12,7,15,36,28,34,49,44,39,41,51,8,20,43,37,46,26,38,30,10,9,4,42,48,18,32,5,1,6,31,3,45,2,33,40
51,35,28,31,40,52,27,43,48,25,41,18,17,20,16,14,8,21,2,46,5,32,11,10,39,23,34,7,19,44,22,37,38,24,26,9,36,6,4,49,33,29,3,15,50,30,45,1,47,42,13,12
32,12,44,25,8,23,37,38,16,27,42,15,43,33,9,26,14,7,52,51,30,5,18,29,47,24,34,1,10,40,45,31,21,19,49,22,2,3,11,36,17,46,41,39,6,20,4,13,35,28,48,50
42,13,43,9,23,11,18,44,4,24,41,19,28,3,20,14,32,37,26,50,8,47,52,30,40,33,29,39,48,15,7,6,16,12,2,21,1,17,49,45,46,51,27,5,22,31,10,25,35,38,36,34
49,34,15,8,29,12,37,10,31,43,48,30,42,24,9,44,32,23,39,51,36,47,20,16,7,3,13,40,19,2,1,6,18,25,11,38,35,33,50,17,41,26,46,21,52,28,14,22,45,4,5,27
30,38,25,24,39,33,19,44,47,37,45,8,11,29,16,18,34,21,50,40,48,36,4,35,15,17,9,46,31,2,41,42,23,1,27,14,10,20,5,26,12,43,28,7,32,49,13,52,51,6,3,22
36,46,6,19,12,47,49,3,27,40,10,1,35,39,21,13,16,48,5,20,25,8,50,37,4,51,7,34,11,14,52,22,17,15,26,29,2,42,43,23,45,30,18,9,28,44,24,38,31,32,41,33
12,40,41,4,15,6,27,13,43,52,17,35,23,11,42,45,32,51,33,44,34,38,25,2,1,31,9,24,26,19,46,5,8,14,3,36,39,10,28,20,30,48,18,7,37,16,50,22,49,29,21,47
39,12,38,20,32,26,22,16,18,45,25,34,1,41,7,4,27,11,13,3,28,30,44,14,47,29,23,48,17,8,37,50,42,46,5,2,24,33,21,9,31,52,40,36,6,49,10,15,35,19,43,51
39,13,11,10,24,33,27,4,52,6,14,8,12,2,32,18,47,16,48,50,17,38,31,51,20,49,19,26,34,40,25,30,9,43,45,22,29,36,37,21,23,46,5,41,1,42,44,7,15,35,3,28
12,7,22,47,2,1,21,17,25,46,8,27,36,3,44,14,24,10,51,43,16,38,34,37,19,29,23,28,26,18,5,49,15,39,30,4,32,48,50,45,52,42,9,20,6,41,13,33,11,40,35,31
32,11,46,15,43,47,7,9,42,5,16,26,44,20,10,18,21,29,37,33,4,27,35,39,50,13,17,28,30,8,51,31,12,23,34,22,14,1,41,49,25,36,45,3,24,19,48,38,2,40,52,6
46,14,32,12,18,8,34,27,39,19,5,4,3,11,15,13,50,47,38,49,37,31,24,29,17,42,36,1,7,9,28,41,40,30,35,6,52,23,51,20,33,26,44,16,25,48,43,45,21,22,10,2
1,3,4,31,36,27,24,52,13,8,48,51,18,16,19,47,28,9,2,23,22,42,15,5,39,34,50,37,33,14,30,41,35,21,32,40,25,43,49,46,7,44,38,11,26,12,45,29,6,10,17,20
16,20,33,11,12,9,6,15,25,17,38,47,4,44,40,37,41,45,49,36,5,35,51,22,42,27,52,19,18,21,50,29,43,30,8,3,10,34,24,31,7,39,26,46,13,14,2,28,23,32,48,1
3,8,9,45,1,48,50,22,2,31,26,39,24,4,47,10,43,17,14,34,32,51,27,44,5,19,33,37,20,21,16,7,13,15,52,25,23,18,49,30,29,35,46,36,12,38,41,40,28,6,11,42
30,44,46,31,8,50,3,42,19,25,51,40,49,15,5,2,32,6,38,27,7,11,45,24,22,33,52,26,48,16,1,23,20,28,35,17,4,39,13,36,12,37,43,10,34,14,9,47,21,41,18,29
27,48,21,16,30,52,47,12,35,39,3,24,1,22,18,8,11,14,51,29,36,41,43,15,28,31,26,49,40,38,10,7,25,33,44,4,9,34,6,50,42,19,13,45,32,17,2,23,46,5,37,20
23,20,25,48,33,12,34,36,51,32,44,21,14,45,43,16,4,5,46,1,15,11,26,37,42,31,24,6,18,27,17,2,7,41,35,13,47,38,30,28,19,22,3,39,49,50,8,9,10,29,40,52
48,2,3,31,37,14,18,25,28,41,34,26,4,10,11,22,43,32,33,30,1,23,5,6,47,36,44,7,13,52,51,42,20,27,9,19,12,50,8,46,35,45,21,38,16,15,29,40,17,39,24,49
25,9,42,47,3,34,39,1,46,17,30,2,18,51,32,50,43,19,16,44,38,31,7,40,26,27,28,6,20,41,45,5,8,13,11,37,12,10,36,48,49,35,33,22,24,4,23,15,21,29,14,52
42,52,7,8,28,13,50,14,2,21,29,43,6,45,40,41,30,3,9,38,20,15,46,12,5,33,24,18,31,44,32,1,39,48,35,17,19,23,51,47,36,34,11,16,22,37,4,26,25,49,10,27
29,8,34,37,36,24,19,7,45,32,13,49,15,44,47,9,30,23,12,51,46,3,18,38,28,4,11,25,40,39,21,20,33,41,26,48,52,31,6,22,17,14,27,43,1,5,50,10,16,2,35,42
28,20,47,13,21,36,46,50,45,22,12,17,32,43,5,26,16,34,48,25,52,39,35,51,30,14,24,2,19,15,11,29,4,49,33,10,27,23,40,31,6,8,1,37,41,18,38,3,9,44,42,7
42,36,43,50,6,47,48,21,16,33,32,25,49,37,24,45,34,39,1,30,2,15,10,3,12,13,29,44,26,9,41,11,17,18,46,38,51,27,40,19,20,7,22,31,4,52,23,5,35,14,28,8
26,5,19,7,1,24,40,18,37,27,9,16,35,42,34,6,46,22,17,25,33,20,3,28,21,15,44,30,39,47,2,4,8,51,49,48,11,31,10,43,36,29,50,41,52,13,12,23,45,32,38,14
43,48,14,24,37,45,30,19,44,12,50,20,38,29,26,8,21,11,51,42,39,4,9,13,41,6,33,23,32,15,25,2,47,5,46,36,18,35,10,1,7,27,3,40,52,17,34,28,22,49,31,16
11,3,42,47,50,23,34,6,24,29,25,32,33,13,21,46,49,14,41,19,28,2,17,48,10,20,22,16,7,44,45,36,51,37,30,52,43,35,27,8,5,9,4,38,26,1,39,12,18,31,15,40
15,24,12,16,25,14,13,50,2,1,23,46,11,36,17,31,19,27,3,26,45,28,52,33,10,42,22,21,18,7,5,41,8,9,39,49,29,34,43,20,6,35,40,37,47,38,48,4,44,30,51,32
33,9,21,1,10,6,7,45,13,34,35,18,19,20,42,40,38,11,41,47,51,44,5,32,52,24,39,49,27,15,36,3,4,46,37,26,22,16,12,2,14,50,43,17,28,31,23,30,29,8,48,25
11,14,16,28,41,22,25,40,15,5,32,44,50,51,30,13,19,18,36,26,21,23,8,45,42,10,17,43,52,6,31,34,33,3,46,37,29,38,27,47,20,48,4,7,2,35,1,12,9,24,49,39
26,47,24,42,8,5,9,37,38,19,52,50,22,31,29,41,39,32,3,33,14,36,11,15,4,16,46,44,49,45,7,43,27,10,34,21,18,1,20,28,51,2,35,40,23,6,48,13,30,17,12,25
52,30,9,25,47,34,29,36,12,15,4,49,46,6,14,35,45,41,5,32,33,40,23,21,26,38,18,42,16,22,17,37,10,44,28,31,1,3,19,48,20,27,51,24,2,43,50,13,7,11,8,39
46,23,18,31,17,50,51,8,45,16,26,20,42,34,29,13,1,44,14,15,27,38,30,47,12,4,2,49,41,7,21,48,28,36,24,35,6,22,5,3,10,9,32,40,11,33,43,19,52,39,25,37
11,14,15,27,23,37,41,45,49,17,13,22,28,33,38,44,26,40,18,25,51,19,6,31,52,5,21,30,2,29,8,4,50,36,3,1,10,47,20,43,24,35,32,42,9,12,16,7,46,34,48,39
24,35,41,49,43,2,33,18,17,11,10,29,8,46,39,20,5,32,28,36,38,21,51,3,22,15,25,48,42,44,19,27,6,26,1,30,9,12,7,31,13,45,50,4,34,16,52,23,14,40,37,47
21,27,9,47,44,37,48,2,13,12,17,41,33,6,42,26,18,8,32,35,20,11,49,30,36,40,5,51,52,16,50,10,45,1,7,25,4,39,29,14,38,24,43,28,15,22,19,23,34,46,31,3
18,22,16,38,41,32,45,49,39,48,35,7,34,52,29,13,46,21,24,27,36,31,12,11,33,4,28,20,42,2,17,51,50,19,9,26,23,8,15,10,5,3,40,6,1,44,43,47,14,30,37,25
13,2,48,24,22,27,49,45,44,17,29,21,19,6,47,25,9,5,35,28,42,26,38,41,36,12,40,11,7,33,23,39,43,32,16,10,14,20,1,52,4,50,30,8,3,34,18,37,15,46,31,51
10,19,9,1,42,14,26,38,3,22,33,4,46,31,48,6,37,43,34,29,40,20,16,47,35,18,41,25,2,50,44,21,15,45,5,32,49,27,23,8,24,30,13,7,28,36,52,51,11,39,17,12
33,36,38,24,3,18,34,17,4,39,7,22,45,50,14,44,42,5,23,6,20,8,15,11,13,37,29,16,52,21,19,32,51,1,40,35,43,9,28,12,10,25,31,48,27,26,47,46,2,41,49,30
17,42,46,6,22,13,15,29,47,50,34,48,37,14,4,36,8,43,12,21,39,32,26,44,1,38,23,41,19,3,28,9,31,10,33,18,5,24,40,45,49,25,7,11,35,27,16,52,51,30,2,20
23,50,38,7,16,21,31,25,30,6,9,24,22,46,15,26,5,2,47,35,33,8,13,19,32,52,39,45,4,34,14,43,37,11,28,27,41,18,44,1,48,42,29,51,10,12,40,3,17,36,49,20
19,42,36,33,37,18,39,21,5,12,44,1,32,31,10,15,38,7,29,35,27,45,41,4,26,51,24,49,50,14,13,23,20,30,52,48,8,6,3,17,46,47,40,11,22,16,28,34,2,25,43,9
45,40,35,43,12,15,16,23,5,26,32,10,14,17,29,2,37,8,36,39,46,49,48,20,6,11,51,31,13,21,24,33,7,19,41,42,9,3,22,25,34,52,28,1,38,18,50,30,44,27,47,4
20,45,21,39,16,24,19,2,9,26,35,46,47,3,27,22,18,43,36,31,5,8,52,7,10,12,32,6,25,14,51,40,42,41,50,29,37,4,1,38,44,23,34,30,28,49,33,48,17,13,15,11
17,26,38,36,16,3,6,31,24,44,13,37,27,49,28,19,12,40,20,23,45,5,7,18,34,22,25,8,15,29,9,32,21,42,2,14,48,35,4,30,50,39,33,47,10,52,1,11,43,51,41,46
2,6,21,20,38,35,17,46,39,32,30,11,51,48,8,33,9,27,42,34,3,1,14,25,50,52,40,12,29,37,7,22,41,13,26,15,18,4,24,10,36,44,31,47,16,23,19,45,28,43,49,5
46,22,9,34,52,37,41,11,15,35,51,36,27,28,23,20,29,47,33,12,6,4,31,7,14,38,26,45,39,10,21,30,50,18,13,3,19,8,42,48,24,40,17,16,25,43,1,5,44,49,32,2
2,40,33,43,25,16,52,3,9,28,21,18,50,12,24,8,35,30,10,49,36,44,20,34,23,31,42,51,19,45,41,1,39,7,26,15,37,6,48,14,46,5,32,4,29,17,22,11,13,38,47,27
39,22,49,7,31,38,12,24,3,2,30,13,34,9,33,25,4,46,21,40,43,10,23,16,48,28,15,18,36,41,29,52,45,35,37,1,50,8,44,5,27,47,6,51,11,26,14,17,20,42,19,32
23,24,41,15,36,46,14,27,30,52,4,22,3,2,19,31,50,12,11,9,34,1,51,20,17,18,13,5,39,44,28,26,38,32,48,37,43,42,6,33,45,40,49,21,47,10,7,16,25,8,29,35
31,14,51,19,38,52,29,10,1,47,45,37,30,48,7,34,28,5,6,11,25,24,36,3,8,15,33,43,2,22,39,50,49,35,44,18,41,42,16,46,26,27,20,32,23,40,9,4,17,13,21,12
52,36,15,51,32,34,20,23,30,43,4,6,40,48,13,46,49,33,31,7,17,24,3,18,1,26,19,11,50,8,2,37,14,38,21,25,41,35,44,16,9,22,47,39,28,10,42,5,29,45,27,12
42,15,31,39,19,48,34,10,28,2,7,46,14,26,17,20,49,51,32,24,43,50,8,30,52,27,36,35,4,16,38,41,11,12,44,3,6,29,22,1,33,37,23,21,18,9,47,5,40,25,13,45
36,13,23,10,8,19,35,7,31,24,5,4,28,46,48,6,50,40,42,26,15,47,21,30,41,20,12,38,17,45,43,2,44,9,49,14,1,11,3,37,22,51,16,18,33,29,52,32,27,34,39,25
27,44,11,50,33,18,43,30,49,25,22,51,24,19,39,13,5,16,7,1,6,36,47,12,21,31,32,37,23,3,34,15,8,35,45,40,41,28,52,10,48,9,17,46,29,38,4,20,2,14,42,26
11,50,12,1,18,17,5,39,26,27,13,42,24,48,7,16,51,8,34,14,46,45,23,30,28,52,47,43,19,4,31,25,10,40,33,20,36,32,44,3,41,38,29,15,49,6,22,9,37,2,21,35
35,11,21,30,3,26,2,37,45,20,25,48,5,1,16,22,13,36,47,8,14,6,39,49,38,34,32,29,43,10,15,17,51,19,23,12,41,33,4,31,50,28,52,7,42,46,40,9,44,24,18,27
26,22,47,48,44,43,5,7,12,45,36,9,2,13,24,31,10,29,8,25,19,52,17,41,28,34,1,23,37,16,49,39,50,6,38,21,18,20,35,32,42,27,11,3,46,51,30,15,4,40,33,14
42,52,40,43,46,23,31,45,35,4,24,14,17,19,51,25,21,37,32,20,7,29,1,47,38,3,18,50,36,26,15,12,39,27,10,13,11,33,16,8,9,41,28,48,44,49,22,6,34,30,2,5
19,18,48,17,21,11,25,9,7,6,47,39,5,51,43,46,2,10,42,23,13,36,12,49,26,22,29,33,40,3,15,24,35,14,1,30,28,41,8,34,50,4,52,44,31,16,45,27,38,37,20,32
2,40,52,18,20,7,11,49,43,27,46,3,29,26,50,16,13,21,31,17,32,24,45,34,35,15,5,37,28,25,4,1,48,42,36,33,41,51,6,30,19,22,14,38,10,23,8,39,12,44,9,47
7,52,13,3,48,1,23,9,27,5,45,11,37,35,50,41,20,29,42,31,49,38,24,21,25,22,26,14,28,12,2,43,34,6,30,19,8,4,51,33,17,18,36,10,15,44,39,16,40,46,47,32
27,22,1,50,42,2,3,5,38,10,34,49,8,30,18,19,24,21,44,16,37,33,31,43,15,14,29,9,39,7,17,12,11,40,41,45,4,51,52,35,47,28,32,48,46,6,26,13,20,23,36,25
18,39,9,3,33,14,47,38,13,11,46,27,17,23,36,50,26,42,19,37,16,1,4,12,29,7,30,43,34,2,40,22,21,28,49,31,25,44,51,8,32,35,45,41,15,52,48,20,5,10,6,24
48,42,3,47,20,16,28,13,40,44,14,18,32,6,27,39,5,33,51,29,35,17,4,11,30,7,49,36,52,46,50,34,38,10,25,23,1,31,22,19,45,2,37,9,41,15,24,26,8,12,43,21
26,4,43,2,1,5,36,32,9,41,13,52,12,44,11,42,27,22,18,28,10,15,31,40,46,19,30,39,33,23,38,24,50,29,51,47,3,7,6,35,49,25,16,8,14,21,45,20,48,17,37,34
44,30,16,3,1,10,24,18,37,49,4,46,35,21,15,47,6,20,31,17,7,32,25,28,50,43,9,34,23,41,22,27,5,38,14,12,45,26,51,19,8,11,33,39,36,29,2,42,48,13,52,40
20,28,32,52,38,30,12,22,37,6,45,50,21,47,11,42,14,5,15,4,10,23,43,27,8,9,34,39,46,25,2,44,17,24,29,51,49,31,16,19,1,13,33,48,36,18,7,3,40,26,35,41
46,45,4,36,31,27,34,37,42,40,17,39,51,49,13,5,7,33,26,43,20,28,48,44,1,35,21,15,52,24,50,19,10,18,2,8,29,22,16,14,47,32,23,11,25,9,6,30,41,3,38,12
52,22,40,7,5,32,50,36,35,26,31,2,45,43,28,19,27,34,49,29,9,37,17,33,18,51,30,13,39,41,4,15,25,16,8,6,38,23,12,47,3,20,14,48,1,10,44,21,46,24,42,11
49,19,24,5,39,15,13,28,41,14,3,9,45,35,52,17,22,23,42,38,4,47,20,1,2,51,11,43,26,30,21,16,29,40,12,25,10,44,31,46,18,48,37,8,36,7,6,34,32,50,27,33
49,19,16,10,48,38,46,39,9,35,17,6,4,36,33,34,44,12,37,42,28,23,32,2,18,13,11,15,30,45,26,21,47,25,7,1,51,40,43,41,22,31,27,24,50,5,3,20,14,29,52,8
22,18,23,26,9,2,17,31,34,19,20,14,5,47,30,45,44,38,25,42,24,36,21,46,32,35,16,11,41,52,12,51,40,15,7,13,1,27,43,33,4,49,39,29,6,28,50,8,3,10,37,48
20,44,47,37,11,2,22,41,13,49,50,6,1,23,12,24,17,31,5,15,25,27,10,38,18,32,30,3,4,16,39,33,43,51,42,48,8,7,29,26,9,36,28,35,19,52,21,14,45,34,46,40
51,21,3,14,1,39,19,22,25,4,43,26,5,37,10,28,12,23,24,42,31,40,52,38,7,49,33,46,47,27,17,30,2,8,35,50,11,16,20,15,44,34,48,36,6,41,45,18,32,29,13,9
33,8,38,3,52,16,28,41,49,50,40,7,27,36,1,32,45,12,26,4,35,5,15,9,23,31,44,6,20,11,34,21,17,51,47,10,42,18,46,43,30,29,48,25,13,37,2,22,24,14,19,39
21,51,8,3,50,33,14,15,19,11,1,9,48,35,52,47,24,27,6,44,49,2,34,36,42,29,46,26,38,16,32,12,7,39,22,23,20,37,45,40,28,18,13,4,31,10,43,17,30,25,5,41
51,47,44,7,27,1,9,16,52,19,29,41,48,11,6,22,24,23,5,18,39,34,15,12,3,49,25,40,32,28,50,30,45,20,36,42,4,2,35,8,38,46,14,26,21,43,10,37,17,31,13,33
39,19,28,8,2,32,36,21,7,9,47,33,5,30,10,37,20,27,12,43,23,1,14,40,41,44,31,29,25,16,24,35,13,34,11,18,26,4,45,6,50,52,46,49,3,22,38,15,42,17,48,51
30,38,26,48,16,5,34,41,51,25,45,44,27,1,29,3,47,52,19,31,21,22,39,37,35,18,49,24,42,10,36,28,11,13,2,23,32,40,14,9,4,20,8,12,7,50,17,46,33,15,43,6
27,7,9,26,47,22,40,19,38,2,42,51,52,28,43,17,23,29,37,45,3,13,30,12,5,24,11,41,44,10,6,16,1,20,32,49,50,21,33,46,15,39,34,4,8,35,14,18,36,48,31,25
6,31,26,2,22,12,5,29,33,46,21,13,34,23,32,19,37,38,39,30,18,1,17,8,45,10,36,11,41,14,47,15,24,7,20,3,40,42,44,43,52,51,48,50,25,28,16,9,27,4,49,35
18,49,50,33,34,12,43,38,2,36,37,47,29,20,24,4,48,52,11,8,26,21,51,15,31,46,19,17,9,1,10,23,7,39,27,44,14,22,42,40,41,32,28,5,35,25,45,3,16,13,30,6
9,2,24,7,39,40,20,43,37,3,14,51,6,21,45,41,33,12,11,4,10,26,50,35,46,44,18,19,5,48,1,25,23,16,8,52,17,36,27,30,38,32,28,49,31,15,42,22,47,34,13,29
4,52,32,45,23,13,46,51,10,15,49,27,7,17,2,19,14,48,44,24,12,39,36,50,3,9,33,31,35,40,38,1,43,26,37,25,16,21,29,30,34,47,5,28,20,18,8,6,22,42,41,11
48,11,7,36,35,9,18,6,52,20,28,4,5,47,27,17,43,19,3,50,46,37,40,38,33,10,24,8,26,49,42,45,51,14,32,29,39,31,21,12,41,25,44,23,13,30,2,1,34,16,22,15
21,15,20,48,2,49,32,34,12,17,47,51,31,37,24,23,6,18,52,9,42,40,33,14,43,41,30,16,11,50,36,27,5,1,3,7,44,45,10,13,35,38,29,4,39,28,25,8,19,26,22,46
28,37,45,48,4,46,27,30,16,20,1,5,14,18,26,36,51,38,47,33,6,52,9,13,32,41,11,17,43,10,50,7,2,15,35,23,44,8,24,3,34,49,29,31,39,19,21,40,42,12,22,25
22,45,3,9,43,1,6,15,36,33,21,50,34,18,31,8,10,44,52,13,49,40,24,26,17,2,16,25,47,37,38,30,35,27,5,42,7,46,4,23,11,28,14,32,39,20,19,12,48,29,41,51
52,24,31,21,1,15,38,49,36,32,35,25,48,46,7,4,47,13,50,14,40,29,22,19,17,5,3,26,11,41,30,23,39,28,8,16,18,37,6,43,2,10,27,33,44,34,20,42,45,51,9,12
23,31,33,29,48,26,6,14,8,21,27,39,36,28,50,47,42,12,46,40,41,30,32,44,35,9,2,17,49,13,37,25,34,52,16,20,24,38,45,10,7,11,5,4,22,19,51,18,15,3,43,1
35,30,24,45,21,51,22,36,32,26,46,3,40,42,31,23,7,12,20,33,8,38,13,5,37,28,44,19,41,43,1,18,49,11,2,17,15,6,47,48,39,52,34,25,14,4,10,16,27,9,50,29
9,15,21,44,20,12,26,34,42,32,48,8,27,49,3,1,31,37,45,52,51,46,33,18,2,36,4,50,22,11,7,40,5,25,28,35,17,23,29,39,13,16,19,43,47,6,38,10,30,41,14,24
43,33,20,37,30,3,6,4,22,15,27,26,17,23,35,42,31,45,19,12,36,34,28,5,11,32,10,50,2,29,24,41,8,44,51,7,40,39,25,1,14,18,16,48,52,9,38,21,46,13,49,47
36,41,46,11,48,43,19,45,39,17,14,1,25,30,12,42,38,16,5,23,24,40,34,21,15,50,32,7,47,28,8,27,51,22,3,10,35,9,6,20,29,2,52,44,33,49,13,4,31,18,37,26
8,5,33,13,41,44,11,2,20,43,3,51,7,49,18,15,38,30,37,28,1,40,17,26,21,25,29,27,16,19,47,9,42,34,31,35,10,23,39,52,24,45,12,6,32,36,46,4,22,50,48,14
22,43,33,51,24,27,32,40,45,1,31,20,18,15,42,19,14,30,2,4,47,26,46,10,7,16,36,3,35,44,23,13,39,28,34,21,48,25,49,9,38,8,12,50,41,17,29,5,11,37,52,6
10,33,26,11,22,30,20,13,41,50,17,24,2,51,48,43,32,5,36,44,18,1,15,12,6,28,38,40,49,35,39,42,4,7,47,46,29,14,27,3,45,34,21,19,23,31,52,8,25,9,16,37
4,12,25,37,50,22,20,23,17,3,13,30,32,10,8,52,41,1,18,29,27,46,45,31,6,28,34,15,9,44,19,7,47,48,24,43,40,42,49,33,11,51,36,2,14,21,26,16,38,5,39,35
48,32,51,19,49,20,13,42,16,46,40,15,2,5,23,25,47,14,33,52,7,21,28,45,43,26,3,9,37,24,41,27,39,38,18,12,29,1,17,35,50,34,30,11,8,4,6,44,22,10,36,31
43,17,13,28,30,6,20,8,48,25,41,5,51,33,52,47,4,45,44,46,36,1,49,24,21,16,50,9,3,15,38,39,34,19,2,32,23,37,42,12,22,11,26,29,27,10,18,7,40,31,14,35
26,13,8,42,25,34,4,30,38,37,20,22,36,45,35,3,23,44,31,18,2,10,15,33,12,16,6,49,39,19,24,29,50,46,11,47,48,17,7,51,43,5,27,52,1,32,21,28,9,41,14,40
23,3,24,47,34,41,31,42,20,38,49,32,50,21,17,8,44,39,52,37,2,12,7,14,48,18,36,51,9,4,11,10,22,26,28,29,33,19,6,46,1,15,40,30,13,27,25,16,43,35,45,5
40,21,12,1,45,11,27,50,22,32,16,5,35,9,44,10,30,31,2,14,24,6,52,23,46,38,36,8,41,39,26,43,13,37,42,51,19,17,49,4,15,34,3,20,33,48,47,7,18,25,29,28
5,46,37,11,38,39,15,31,50,33,26,40,51,25,28,22,29,9,23,10,45,34,18,8,3,1,7,19,6,32,27,52,12,17,48,4,2,30,44,14,35,42,16,24,49,36,43,21,13,20,41,47
8,27,36,15,23,19,22,25,17,40,12,35,51,4,37,3,33,20,21,46,29,50,49,34,26,6,47,45,44,16,7,41,1,32,28,31,11,30,10,52,38,42,2,18,5,39,48,43,9,24,14,13
40,39,4,46,7,48,52,13,41,35,27,28,49,10,21,1,11,19,47,17,18,33,20,5,38,25,29,23,12,22,37,43,6,2,32,50,36,9,15,34,44,8,3,14,31,24,51,45,16,42,30,26
1,28,51,45,38,34,30,6,31,5,33,10,24,8,44,23,4,13,46,17,47,14,3,37,11,29,36,16,42,27,35,49,19,12,26,18,2,50,48,22,20,9,25,21,40,32,43,7,52,15,39,41
6,12,19,46,38,13,22,36,3,34,39,1,16,35,37,8,14,30,26,5,7,41,18,11,40,50,44,23,27,25,9,42,17,52,32,4,45,15,2,47,49,29,51,48,21,20,24,33,10,28,31,43
29,33,14,18,17,15,10,11,6,28,8,49,43,27,51,5,46,44,19,9,40,7,48,12,36,16,45,42,4,1,52,24,21,50,32,13,25,34,38,2,30,41,3,22,31,23,47,37,26,39,20,35
8,26,35,42,51,32,28,16,41,38,31,52,11,7,45,44,1,17,36,10,37,18,30,46,2,12,40,49,39,47,20,33,24,29,50,14,9,15,19,34,43,13,3,48,23,21,4,6,22,25,5,27
33,25,13,24,52,29,4,37,5,15,3,1,19,30,22,7,9,11,31,20,28,12,51,46,49,38,47,6,39,45,36,10,41,2,27,35,8,23,42,18,17,50,34,32,40,26,48,16,43,14,44,21
34,28,33,49,45,8,10,22,38,31,36,42,9,40,2,37,13,27,51,11,43,52,30,16,21,35,47,6,18,41,20,14,32,44,4,29,3,15,26,5,17,39,46,25,1,24,12,48,23,19,50,7
32,2,4,16,8,21,6,13,38,12,26,43,34,28,15,20,5,46,36,25,24,33,40,51,18,41,1,7,30,48,42,22,49,29,47,35,14,17,31,45,50,37,27,23,11,19,9,52,3,39,44,10
10,48,17,35,25,28,6,8,42,44,29,20,37,36,4,7,50,30,47,43,12,34,26,41,5,9,1,2,39,32,46,15,38,13,27,14,33,52,18,21,3,45,16,24,49,31,51,19,40,11,23,22
5,31,21,16,52,30,35,44,41,13,49,23,14,47,26,33,15,48,22,50,11,18,19,3,12,40,1,27,51,37,43,2,8,17,25,10,29,32,45,46,42,36,9,39,24,20,6,28,38,7,4,34
26,48,32,4,29,20,6,28,17,49,9,7,25,15,36,33,41,44,47,12,31,11,10,51,37,14,30,22,24,18,35,46,19,23,40,42,38,21,43,39,34,1,2,45,8,52,27,3,5,13,50,16
4,18,52,17,10,21,30,35,41,5,29,23,39,46,34,6,33,8,20,43,25,19,42,50,44,48,51,12,40,22,24,45,11,28,37,49,26,32,36,14,47,2,9,31,15,38,7,27,13,3,1,16
22,13,37,40,2,18,45,12,33,25,11,24,42,10,47,1,5,49,17,51,31,8,34,3,19,23,26,30,41,16,50,9,52,7,46,38,29,39,32,35,15,27,43,6,28,48,21,14,4,44,20,36
22,43,13,41,38,27,23,29,44,19,24,25,28,17,32,12,16,26,5,30,48,8,4,18,36,52,6,49,47,42,40,39,14,3,21,31,51,2,15,10,7,1,45,34,37,20,33,11,46,9,50,35
37,6,26,14,7,47,4,25,17,31,27,32,23,28,50,16,36,48,39,2,52,20,46,35,30,40,21,34,45,49,3,8,11,44,1,33,41,51,5,19,29,13,43,10,38,12,9,42,22,15,24,18
47,40,45,24,50,14,29,20,51,28,16,18,9,6,32,43,26,10,4,5,3,21,25,17,37,39,49,2,48,27,33,41,36,42,22,31,52,46,19,8,1,7,38,30,12,35,13,44,34,23,15,11
6,12,30,50,14,34,24,16,29,13,15,40,22,17,42,8,18,10,1,46,45,47,25,38,36,41,35,32,52,5,31,39,44,9,2,37,20,4,51,21,43,27,7,49,28,23,33,3,19,11,48,26
23,19,6,24,4,5,2,44,38,46,27,31,34,47,9,17,29,10,7,25,1,14,8,15,32,40,42,33,50,35,13,36,16,43,39,11,22,52,20,18,49,30,37,26,48,12,51,21,41,3,45,28
9,5,18,16,38,40,26,33,52,10,12,30,13,4,27,46,34,48,7,2,50,21,49,8,24,22,41,11,14,31,1,47,36,29,15,51,6,45,23,17,39,43,42,44,32,3,37,35,19,25,20,28
9,42,3,48,37,50,19,17,12,47,36,38,35,1,29,45,15,24,16,6,31,10,27,34,20,30,7,32,13,23,52,44,8,4,21,39,11,28,5,14,40,41,18,22,33,25,2,26,46,43,49,51
24,34,52,35,2,8,15,38,33,3,46,40,12,26,17,41,28,22,37,29,27,48,45,47,1,18,43,19,25,23,51,10,39,49,31,42,14,16,30,32,9,20,36,13,7,21,44,4,5,6,11,50
28,41,35,46,49,12,18,4,34,6,50,26,51,30,39,33,40,25,14,7,13,44,16,42,24,52,17,8,19,37,15,48,2,27,1,9,31,47,45,36,29,23,21,10,43,22,38,5,3,20,11,32
32,12,2,43,26,25,16,51,39,50,28,10,20,11,27,45,30,41,23,19,35,21,52,4,44,29,38,37,3,40,15,9,22,18,13,8,47,14,49,34,24,48,31,17,5,42,46,6,36,33,1,7
13,23,21,33,8,40,9,26,27,1,47,51,24,32,4,50,52,15,6,25,36,46,2,35,37,11,38,45,18,28,42,20,39,19,30,31,12,34,22,44,14,17,10,3,29,48,41,5,16,49,43,7
46,5,27,9,43,22,48,25,44,6,20,17,29,14,24,1,34,7,30,11,26,51,42,3,50,45,18,47,31,52,10,33,23,15,13,16,49,2,40,39,8,35,37,21,12,41,32,19,38,4,36,28
45,50,44,5,14,49,39,10,32,30,9,41,43,21,31,29,4,36,13,34,33,48,35,1,47,51,12,22,15,40,38,17,8,18,28,25,42,19,27,3,52,26,24,7,6,11,20,16,46,2,37,23
7,52,34,51,10,49,11,17,45,26,43,4,48,21,31,16,37,6,18,20,12,23,25,35,2,36,22,9,1,32,50,15,27,44,3,24,33,30,13,40,39,38,42,19,28,29,41,47,5,14,8,46
44,7,2,9,38,14,21,50,4,33,45,12,19,25,46,28,52,5,10,16,20,17,35,47,6,8,27,40,39,24,15,32,48,49,41,13,31,37,22,1,51,42,23,36,29,11,18,26,3,43,34,30
28,24,39,51,17,46,31,23,42,29,33,13,50,27,9,43,11,10,49,4,1,21,7,8,18,14,45,20,25,3,6,40,34,38,35,26,32,52,22,30,36,16,12,2,5,48,37,15,19,47,41,44
9,50,21,43,39,19,2,48,52,29,25,47,40,27,4,42,14,15,20,37,26,1,11,38,23,36,32,34,44,13,8,3,28,24,35,5,41,22,51,12,10,30,18,6,31,17,7,33,46,49,45,16
6,42,48,11,30,1,27,47,34,37,5,14,7,38,10,2,52,26,51,8,35,12,23,15,17,18,20,33,21,36,9,50,49,41,46,32,13,19,16,4,28,39,31,24,29,43,25,22,40,45,44,3
49,4,14,37,24,47,35,51,18,2,6,28,31,41,9,23,19,50,27,17,8,10,25,44,38,52,46,43,11,45,5,36,21,48,39,42,12,32,40,15,33,13,29,1,22,30,7,3,26,34,16,20
10,51,5,44,50,29,20,3,39,1,35,9,48,24,13,34,49,41,36,45,28,40,25,15,2,37,16,42,32,21,7,18,8,12,27,23,17,31,38,33,4,47,22,11,6,52,14,30,26,46,19,43
21,49,11,33,27,23,14,32,34,35,40,1,42,5,29,7,38,28,36,6,39,9,12,8,41,52,3,20,30,17,44,50,43,10,4,16,24,19,48,22,2,51,31,47,46,25,45,37,13,18,26,15
11,43,35,10,23,31,48,13,47,2,12,16,14,49,50,22,34,36,17,33,42,5,46,6,26,32,15,20,40,27,30,7,44,29,24,38,45,1,21,41,8,39,25,52,4,19,9,51,37,28,18,3
40,6,32,21,3,25,27,43,4,18,1,8,13,17,51,19,35,9,46,30,23,37,31,10,12,29,2,14,47,44,45,50,15,39,49,41,42,28,26,48,20,38,52,5,16,34,36,11,24,33,7,22
44,33,37,48,49,18,52,45,30,40,13,11,5,19,46,1,9,6,38,35,28,27,31,36,25,4,17,21,2,7,14,47,42,34,39,51,22,20,10,8,24,26,50,29,16,23,41,43,3,12,32,15
15,8,26,46,17,1,25,4,16,23,49,40,39,30,36,41,20,32,47,44,7,34,51,18,13,43,3,5,19,24,9,29,33,11,27,31,14,42,12,52,10,50,37,45,28,21,38,48,35,2,6,22
23,16,37,36,38,12,31,14,24,1,42,13,2,32,7,47,19,33,52,26,6,34,43,51,46,22,3,25,8,45,28,4,5,20,35,10,15,39,44,29,49,48,27,50,40,17,18,11,30,9,21,41
17,24,10,38,29,16,43,32,47,21,25,5,35,42,19,52,39,14,23,27,49,45,15,33,44,18,9,6,28,26,50,20,36,41,34,2,12,48,37,22,40,4,1,11,51,31,46,7,30,8,13,3
14,24,44,7,17,42,52,37,29,8,23,33,20,34,27,11,13,10,18,15,51,12,1,35,41,26,2,25,3,45,47,31,40,21,48,9,36,39,43,4,6,38,32,28,49,50,46,19,22,16,30,5
2,33,23,35,3,5,41,25,29,9,1,32,34,45,48,19,28,31,52,30,16,43,10,24,36,38,49,7,47,6,44,4,37,18,27,51,14,20,11,17,39,8,50,21,15,40,42,46,12,22,13,26
28,1,11,32,8,50,12,24,13,52,38,27,20,25,44,7,45,9,37,35,29,30,40,4,21,49,26,6,19,14,42,36,39,41,43,10,22,34,15,3,51,31,48,47,17,2,16,33,5,23,46,18
52,32,40,28,26,15,50,41,17,33,20,13,1,24,34,47,37,5,45,25,9,39,10,22,4,11,31,51,49,48,23,35,2,7,44,19,27,43,6,12,36,42,21,38,14,3,30,18,8,16,46,29
6,18,16,11,29,38,27,25,19,28,9,46,26,31,12,7,40,14,37,23,33,13,50,42,24,20,45,52,48,22,35,10,5,44,32,43,51,30,1,41,4,3,17,49,47,36,2,34,15,8,39,21
28,12,15,32,43,19,45,3,7,9,33,8,47,11,13,49,35,38,36,50,6,42,22,46,24,40,4,2,14,48,20,26,30,29,39,34,10,1,5,52,27,31,51,41,37,16,44,23,17,18,21,25
15,37,3,41,25,52,16,51,14,29,50,8,42,31,26,11,6,9,34,30,28,44,17,35,21,33,49,12,24,38,7,2,27,22,18,5,10,4,13,45,43,48,46,40,32,36,23,39,20,47,19,1
50,52,25,3,34,5,9,49,1,10,23,2,11,43,42,14,30,41,21,6,27,28,48,18,20,24,19,45,38,13,46,8,35,4,33,37,12,29,36,51,7,16,44,40,15,47,17,39,31,26,32,22
11,42,30,39,19,6,47,40,7,52,17,33,23,3,15,45,51,21,18,28,48,5,14,24,26,50,9,44,37,49,8,22,27,12,16,46,36,10,32,1,20,25,38,2,29,13,35,31,41,4,43,34
18,6,16,13,32,11,24,19,27,10,12,20,34,52,26,39,43,23,33,3,14,47,4,48,49,42,37,15,1,7,50,36,29,51,5,35,8,17,30,38,41,31,9,22,28,25,46,2,40,44,45,21
50,6,38,31,5,12,19,22,47,41,15,40,29,43,36,10,13,24,14,2,9,33,42,18,44,49,23,8,25,52,4,34,48,7,46,3,30,39,11,45,35,16,28,51,1,20,32,26,21,27,17,37
8,36,39,50,19,2,21,29,17,16,20,3,9,18,10,25,40,45,51,13,15,23,28,46,11,49,6,52,42,48,37,12,27,24,22,5,43,31,1,14,4,7,38,33,44,35,26,30,32,41,47,34
1,32,34,45,17,50,35,26,28,24,11,27,2,46,51,15,30,6,38,18,10,47,23,39,12,16,43,36,19,8,20,5,40,7,29,3,44,42,48,9,37,49,52,33,4,31,13,21,22,41,25,14
17,25,1,48,44,15,28,45,27,4,33,22,30,40,12,46,31,47,14,51,26,36,20,11,23,35,2,7,29,3,6,5,32,41,38,50,21,10,8,52,43,42,19,18,34,39,16,24,37,13,9,49
9,4,2,7,19,31,52,12,10,5,30,51,41,45,17,40,20,6,35,25,36,8,42,14,48,47,29,43,34,13,22,38,26,24,39,50,37,3,21,18,49,46,1,11,32,33,16,23,15,28,44,27
47,6,31,3,28,5,37,18,46,14,42,10,2,19,34,16,11,25,26,12,49,52,8,30,9,23,33,50,1,44,24,21,22,36,4,51,13,35,27,15,38,17,29,41,43,39,7,20,32,45,48,40
13,5,17,10,36,14,1,49,52,24,33,2,46,23,31,8,25,47,45,16,12,50,48,42,27,7,4,18,38,3,15,41,43,29,44,28,11,9,30,40,32,34,6,19,35,22,20,51,37,39,21,26
24,49,47,46,6,5,18,52,43,41,3,26,12,19,28,27,45,25,34,20,23,11,37,22,44,30,40,14,2,7,4,42,9,8,36,48,35,29,1,32,15,21,16,13,50,17,39,10,31,51,38,33
36,38,30,14,18,47,9,40,12,46,6,39,31,32,41,34,52,3,27,29,22,50,11,43,33,4,44,25,1,37,2,49,5,28,20,7,42,51,35,24,21,16,13,23,48,45,8,26,10,15,17,19
29,35,15,17,30,44,6,46,51,12,2,21,1,5,52,8,9,48,42,50,4,39,22,32,47,10,45,31,24,40,20,11,43,27,41,37,16,28,7,14,25,36,19,3,38,49,33,26,23,13,34,18
26,29,7,13,4,9,19,27,21,8,50,30,49,15,18,31,37,5,33,44,10,52,42,22,17,3,47,51,28,46,32,25,38,20,11,1,24,16,12,36,41,40,2,6,14,45,48,23,34,43,39,35
4,33,36,22,3,25,40,35,9,1,46,5,26,21,52,50,2,12,44,10,39,41,30,27,11,48,42,24,14,15,29,20,7,13,28,45,17,32,51,18,31,49,37,47,38,43,6,19,34,23,8,16
47,5,52,39,34,29,48,44,49,32,13,25,50,23,14,10,31,2,42,28,6,33,35,9,20,26,7,37,46,27,11,41,12,21,4,24,45,18,43,19,22,30,38,8,17,36,16,3,15,1,51,40
14,4,38,45,13,27,39,26,30,35,2,50,3,32,31,5,33,46,16,19,12,6,24,36,17,20,15,9,49,23,34,1,47,52,43,11,28,44,42,40,48,21,29,18,10,41,51,25,8,7,22,37
44,14,18,12,24,15,21,43,3,28,45,46,19,25,38,31,48,51,16,41,7,29,22,34,26,35,8,32,47,42,5,10,4,37,23,33,11,9,30,20,17,1,39,27,40,50,36,52,13,2,49,6
34,25,32,46,27,6,38,42,29,17,23,39,22,13,10,37,52,30,12,41,50,51,9,48,47,1,4,49,8,5,11,7,40,31,19,2,18,14,21,15,43,33,16,3,26,36,24,28,44,20,35,45
9,47,27,5,16,40,12,33,37,15,41,24,4,35,49,19,32,39,43,46,17,13,48,22,30,11,42,34,28,25,50,36,52,45,23,6,20,44,51,29,1,2,3,38,8,18,26,21,14,10,7,31
44,10,18,46,52,17,49,19,34,13,3,2,12,48,39,23,29,38,43,8,27,14,41,40,50,6,11,51,5,26,22,7,25,30,28,16,31,21,9,32,4,15,24,20,35,42,33,1,45,37,47,36
23,45,1,18,21,48,13,39,7,44,19,35,22,40,37,27,30,52,28,24,31,51,38,47,36,33,29,4,25,41,6,32,46,43,49,11,5,20,10,50,16,26,42,2,9,3,15,34,8,12,17,14
35,17,38,47,40,11,32,15,34,13,42,4,29,45,52,21,49,19,25,26,6,39,36,18,37,51,14,2,33,23,50,9,10,22,27,44,7,16,46,48,12,43,3,30,24,5,20,28,8,41,1,31
44,40,41,8,33,17,39,23,51,10,22,26,52,34,35,50,29,46,42,30,15,24,37,38,48,25,3,36,11,47,32,19,16,49,20,12,28,21,2,1,6,4,31,13,43,18,5,9,45,14,7,27
30,13,39,12,5,10,48,35,46,9,18,1,31,42,2,41,14,40,26,8,17,21,11,51,25,33,43,7,19,36,34,44,4,37,15,47,50,3,49,29,23,16,45,6,22,28,27,20,52,32,38,24
12,23,21,13,48,40,14,49,36,50,43,52,20,2,37,1,15,47,25,27,39,17,45,19,7,16,30,24,4,32,41,3,22,10,42,26,31,28,51,44,33,9,8,35,38,6,34,11,29,46,18,5
26,51,18,32,47,48,28,14,25,41,10,35,44,23,22,8,42,38,5,12,29,9,15,20,33,52,11,21,6,50,19,1,13,7,36,39,27,2,34,43,4,31,3,37,16,49,45,30,46,40,17,24
22,19,21,35,32,28,47,39,45,7,49,2,40,25,17,4,6,8,42,5,18,43,52,12,33,41,34,30,14,15,27,46,51,23,16,44,50,26,20,24,38,9,29,10,48,1,11,3,37,36,31,13
5,39,12,26,27,19,32,34,44,24,1,11,17,8,46,38,31,51,16,49,22,13,18,48,41,52,47,45,15,40,6,3,25,37,30,4,9,14,10,21,50,36,29,42,23,33,43,35,2,20,28,7
33,22,5,19,17,1,20,27,4,30,25,40,24,44,35,45,16,14,49,21,18,29,6,42,31,3,34,11,15,7,9,26,47,23,28,39,37,48,2,51,12,50,41,43,13,10,32,38,8,36,52,46
2,17,11,29,14,8,4,47,52,31,36,6,12,15,7,16,45,41,39,25,1,49,35,18,5,24,30,34,38,23,26,46,50,20,33,51,32,9,22,44,43,37,27,3,28,21,48,13,42,19,10,40
52,10,17,28,47,45,13,34,18,6,1,39,16,9,26,51,21,44,5,41,33,27,31,19,29,49,36,38,14,32,15,20,46,42,37,4,2,12,43,8,11,25,22,23,7,40,35,50,24,3,30,48
10,44,4,21,50,25,47,16,7,45,1,8,43,51,2,22,15,33,3,29,35,27,34,9,20,18,28,37,13,48,24,17,31,49,42,14,26,46,40,41,52,11,39,6,12,19,5,36,23,30,32,38
31,30,36,10,34,9,14,3,24,22,28,1,4,19,35,44,32,47,51,25,15,29,11,16,52,33,17,6,37,13,27,39,18,7,48,50,40,2,20,49,5,8,38,12,43,26,42,21,41,45,23,46
46,45,43,31,5,28,21,37,33,39,42,3,30,10,51,19,12,18,13,9,29,24,14,11,25,35,44,27,16,40,20,47,4,8,23,48,38,41,52,17,7,26,49,32,15,2,1,34,36,50,6,22
47,5,35,2,51,16,52,15,14,41,31,24,22,28,40,38,32,1,34,50,17,11,27,13,30,48,42,19,20,37,21,18,4,26,36,6,45,46,33,12,23,29,3,44,9,25,7,49,8,43,39,10
23,38,36,10,45,22,9,7,27,43,24,4,25,50,19,21,35,48,13,28,3,37,46,47,6,12,17,33,52,44,41,8,11,34,39,20,16,5,42,29,49,26,14,1,31,18,2,30,32,40,51,15
18,28,49,13,44,31,48,27,29,9,17,36,10,1,33,3,40,41,45,42,19,25,26,23,34,14,24,7,22,8,35,47,12,46,50,30,11,38,15,37,20,39,51,16,32,6,2,4,5,43,21,52
43,41,42,10,24,16,35,5,46,52,11,47,31,38,27,19,9,45,48,23,8,1,21,22,44,18,29,12,40,34,30,36,6,26,28,15,7,49,50,33,37,3,4,14,20,39,13,32,17,2,51,25
11,40,20,31,2,43,37,23,52,18,4,7,50,47,27,45,1,14,30,48,21,13,24,6,34,29,9,32,39,41,38,16,12,35,28,25,36,33,26,46,49,17,15,10,19,5,8,3,42,22,51,44
15,23,45,37,19,44,16,2,1,41,10,42,9,6,31,22,21,4,3,14,46,39,20,40,18,47,43,13,26,34,48,11,30,25,27,38,32,5,8,51,33,7,36,52,50,17,24,35,12,49,28,29
10,12,6,18,46,39,27,13,51,50,37,1,17,30,34,3,4,24,20,7,48,43,26,49,31,32,42,29,38,44,52,22,33,45,5,47,36,25,23,9,16,19,14,28,11,15,8,21,35,41,40,2
49,48,28,41,25,30,50,33,34,23,42,40,19,13,24,16,38,26,10,51,47,1,21,9,43,7,3,45,5,37,11,32,46,20,22,14,35,18,29,2,15,6,39,17,31,36,52,27,12,8,4,44
8,29,41,45,23,11,44,6,18,38,7,40,14,24,51,37,42,12,22,33,36,32,10,13,49,20,43,52,1,28,34,19,50,2,27,31,26,35,30,3,25,47,16,39,15,5,9,17,21,4,46,48
15,40,43,42,31,27,25,21,47,45,1,37,16,39,20,23,49,34,12,32,41,3,17,18,52,26,29,4,8,6,51,46,24,11,50,19,33,14,48,10,2,35,36,30,38,5,13,9,44,22,7,28
25,5,45,7,18,40,21,33,12,19,26,35,9,43,2,32,8,24,10,11,52,48,30,16,38,3,31,36,27,13,46,51,47,42,6,41,15,20,22,28,44,29,17,49,23,14,34,39,37,4,1,50
13,20,4,11,24,50,45,8,43,40,32,36,51,27,48,3,33,5,10,22,15,29,38,26,30,34,17,16,14,41,21,1,25,31,35,9,39,12,44,42,18,52,46,2,6,47,7,49,37,28,23,19
8,31,19,39,52,2,9,4,14,17,15,40,22,45,43,33,10,6,25,1,34,27,29,5,37,36,30,11,46,24,44,50,13,48,38,3,23,51,49,18,21,28,26,41,20,42,47,12,35,16,7,32
22,6,25,18,28,14,1,12,38,16,31,44,13,51,48,17,29,50,2,30,43,36,37,41,49,4,11,27,32,46,20,45,52,42,19,40,15,35,24,10,33,3,8,47,5,21,23,39,26,7,9,34
33,42,5,7,11,2,35,14,20,19,4,15,13,31,21,47,16,26,23,52,12,29,41,34,44,49,28,51,27,37,6,43,17,10,18,36,25,46,39,45,30,3,40,1,22,50,24,9,8,32,38,48
30,20,47,19,32,23,51,29,17,35,45,10,18,49,31,44,28,27,21,12,43,3,22,46,16,5,52,9,41,25,13,48,14,26,2,4,37,38,42,34,50,1,7,39,40,24,15,6,11,33,8,36
7,49,45,11,6,35,9,50,43,18,52,10,12,13,21,17,20,24,34,41,19,30,47,23,16,37,28,33,25,5,14,2,48,27,15,51,46,38,40,3,1,36,26,42,8,39,29,4,22,44,32,31
28,16,13,37,52,27,45,1,8,40,25,10,43,20,34,7,47,12,48,2,26,46,11,35,17,23,38,32,18,22,30,15,44,33,36,29,4,24,31,6,9,3,19,14,21,49,41,5,50,39,51,42
44,5,43,31,45,48,29,40,46,26,37,13,38,10,28,23,41,35,19,15,14,21,36,52,50,51,3,9,7,20,47,39,24,27,49,1,25,33,34,4,18,2,11,6,32,8,12,30,42,17,22,16
23,1,37,36,33,48,32,29,35,10,11,42,18,12,15,5,27,28,52,4,43,21,20,30,51,9,31,46,34,45,50,22,26,2,44,6,13,7,38,14,17,16,19,24,47,40,8,25,49,39,41,3
31,51,22,10,9,3,30,40,41,7,38,52,1,4,42,37,49,43,14,33,47,20,39,16,27,23,28,48,13,45,17,11,26,25,21,6,18,5,46,24,35,8,44,34,2,29,50,36,19,15,32,12
37,18,33,29,38,22,36,5,48,30,47,15,25,34,27,2,42,28,39,3,41,8,9,14,52,49,35,44,13,45,19,12,26,16,17,11,20,21,7,32,40,6,46,31,1,24,43,51,50,10,4,23
23,17,41,11,46,47,6,36,7,10,13,3,37,25,43,15,31,50,8,30,52,20,42,1,2,44,27,24,33,32,16,39,29,9,40,45,22,51,35,5,38,21,19,18,4,49,34,26,48,12,28,14
21,38,51,46,9,44,11,32,43,42,25,27,39,8,45,33,20,36,7,24,52,31,22,34,37,19,6,35,18,10,17,26,49,12,16,41,47,23,28,14,3,5,29,2,48,50,13,30,1,40,4,15
30,9,10,47,8,3,42,18,48,16,41,14,12,4,49,45,11,35,50,27,44,17,52,19,5,20,51,1,29,37,21,32,7,46,34,23,38,43,24,6,36,39,15,13,25,31,2,26,22,28,33,40
38,2,45,35,21,49,1,33,47,5,6,36,31,24,4,52,26,46,13,29,14,22,16,40,37,51,20,27,41,43,10,39,50,28,23,15,44,11,34,18,12,19,9,32,25,30,3,17,48,7,8,42
48,12,52,31,36,35,43,23,19,45,1,24,26,16,18,13,14,28,33,27,9,32,39,2,10,21,20,47,37,11,17,51,34,4,6,7,30,29,40,46,38,8,42,3,5,49,50,25,15,22,41,44
32,28,30,13,29,5,23,43,38,47,42,26,20,3,10,50,12,49,52,25,48,7,8,2,1,27,11,24,19,34,6,18,41,22,17,37,39,31,4,51,40,36,33,21,46,35,15,14,44,16,45,9
38,8,25,26,12,49,40,14,21,42,34,45,41,52,51,2,1,18,47,3,46,4,50,23,31,43,5,33,32,44,28,10,37,29,6,36,15,22,17,9,16,48,13,27,7,20,19,39,24,30,35,11
3,51,33,27,10,37,20,13,2,47,30,39,16,52,35,38,49,4,18,11,43,26,1,36,28,46,12,31,41,15,24,45,7,48,22,21,23,25,5,6,29,44,14,9,32,17,42,19,8,50,34,40
22,28,37,42,45,36,40,17,12,44,49,15,35,18,1,2,21,24,25,39,52,38,50,27,31,47,23,46,13,43,19,3,10,48,8,4,20,30,5,11,26,9,51,7,33,14,41,34,29,6,32,16
21,24,37,39,12,46,7,8,47,25,32,11,6,35,29,15,22,17,45,10,4,19,43,44,28,34,42,26,49,14,18,9,40,2,30,5,1,16,23,52,41,38,50,33,13,20,51,27,48,31,36,3
47,49,26,13,35,48,10,9,16,51,42,21,30,6,50,11,43,1,34,12,8,17,5,38,31,18,2,7,33,40,52,19,28,25,27,37,46,14,41,32,44,20,4,15,45,24,3,23,36,22,39,29
38,7,46,32,35,30,10,39,43,49,14,23,29,47,36,12,37,19,27,48,18,17,50,24,1,33,31,6,21,2,52,8,42,25,3,51,22,16,34,40,13,9,4,11,26,41,44,45,28,5,15,20
23,25,42,18,48,32,50,44,21,28,22,20,26,12,3,38,45,43,51,13,36,5,19,33,16,9,40,11,4,41,34,29,7,52,49,30,1,17,8,47,24,2,46,37,6,31,27,14,15,39,35,10
43,40,6,23,34,41,2,19,18,11,13,32,16,50,7,35,38,10,30,46,47,52,27,17,1,26,49,21,12,24,14,28,44,51,9,15,8,36,37,22,5,48,20,39,3,4,33,25,29,42,31,45
46,32,24,27,5,7,30,35,8,26,43,36,1,39,13,14,41,31,12,33,21,49,37,19,16,25,6,18,34,40,17,47,20,42,3,11,9,2,48,45,29,10,28,38,15,50,4,44,22,23,52,51
10,2,18,25,30,4,47,38,14,52,3,29,17,24,50,11,49,15,27,22,32,7,43,51,46,33,39,1,45,9,41,40,26,48,6,44,12,23,21,20,28,37,35,19,13,31,16,34,8,42,36,5
16,43,33,6,28,31,1,22,39,52,34,8,42,50,41,2,49,19,36,12,11,38,51,32,47,30,3,24,5,13,4,25,17,23,27,14,29,46,35,44,45,15,21,9,37,10,18,48,7,40,26,20
14,20,8,21,46,12,44,32,51,24,45,16,39,49,4,40,31,13,48,1,34,26,17,35,29,22,9,25,52,33,3,6,47,18,19,37,5,10,2,15,23,50,36,28,43,7,42,27,11,41,30,38
28,31,1,36,42,3,24,32,52,13,34,46,33,17,7,39,15,27,40,29,23,35,50,38,14,47,37,11,49,6,19,8,18,12,16,41,5,4,51,45,25,21,48,2,44,20,26,9,43,30,10,22
32,23,48,46,3,44,1,51,27,47,39,34,45,38,31,37,49,35,24,15,40,12,33,2,36,29,30,52,4,9,28,41,11,8,16,43,14,50,26,21,10,13,5,19,20,42,25,6,7,18,22,17
34,10,16,46,4,35,27,18,51,42,12,49,50,13,30,33,26,2,44,47,48,45,38,52,21,20,39,14,36,8,22,40,9,15,29,11,23,3,17,37,5,25,7,43,32,31,6,28,24,1,19,41
41,34,52,29,12,15,13,2,10,46,6,47,49,21,25,14,50,32,24,42,26,33,38,45,35,36,23,31,9,16,39,4,8,51,3,19,48,40,17,11,7,22,20,5,30,37,1,44,43,28,18,27
51,4,30,46,45,41,2,47,18,29,20,37,5,13,23,10,12,35,42,33,15,27,40,14,1,48,9,43,6,8,32,19,7,31,34,3,11,39,49,17,16,36,38,50,28,44,21,22,24,26,52,25
15,46,2,38,6,24,1,19,27,33,26,14,50,20,21,17,44,47,52,28,22,8,34,39,4,32,51,5,3,36,13,23,48,37,16,9,49,35,30,43,41,25,31,18,12,10,7,40,45,29,42,11
4,52,41,42,23,24,13,12,45,26,50,1,5,46,48,43,7,10,27,2,14,32,31,47,51,38,16,34,25,17,44,37,19,33,21,40,3,22,36,15,30,9,18,11,29,6,8,49,20,28,39,35
44,10,45,26,1,19,37,4,40,30,16,36,50,11,23,24,42,15,9,14,12,8,39,28,29,17,48,46,49,20,43,47,35,52,25,33,3,51,22,5,32,38,13,34,2,21,41,31,27,6,7,18
48,34,42,10,38,17,45,25,8,19,27,20,18,39,40,37,47,16,24,49,44,23,4,31,35,1,3,43,6,26,52,11,50,41,32,13,2,29,21,36,22,33,14,28,7,9,30,15,51,5,12,46
28,36,42,14,6,15,47,23,17,45,51,22,32,24,41,21,44,40,39,52,9,18,46,50,8,19,48,12,26,30,5,33,29,43,3,27,34,37,25,1,11,49,10,13,16,7,31,20,2,38,4,35
28,49,23,9,15,8,22,40,17,25,27,47,46,31,35,42,6,38,50,18,30,5,29,24,48,51,33,39,2,52,10,13,43,14,11,44,45,34,12,41,36,3,21,20,16,26,32,19,4,7,1,37
49,28,16,23,46,29,37,31,1,48,24,39,47,12,5,40,25,32,3,33,18,35,36,6,8,30,7,13,2,10,11,20,19,34,50,43,26,44,15,22,14,38,9,4,17,42,21,45,27,51,41,52
46,11,12,13,28,44,32,21,22,33,45,5,51,4,29,30,37,20,48,38,7,18,31,10,26,14,52,19,41,34,15,35,39,17,8,1,27,49,40,25,24,36,2,50,47,23,42,16,3,6,9,43
29,23,39,15,50,41,3,19,18,8,1,24,4,6,9,13,40,25,36,21,47,27,2,12,44,11,43,32,7,35,42,46,30,51,14,17,16,31,49,45,48,33,37,26,5,38,52,20,22,28,10,34
5,34,35,39,28,14,45,20,47,33,40,49,16,17,43,25,27,2,1,48,4,15,21,19,50,7,9,52,38,26,29,32,8,37,41,36,6,31,12,22,23,42,18,13,24,10,11,46,30,51,44,3
45,9,10,18,5,25,40,8,43,12,22,26,28,29,39,49,19,50,2,20,52,33,17,36,14,31,47,48,23,38,32,30,37,21,44,4,3,15,7,41,16,42,24,35,46,11,1,27,34,13,51,6
9,39,38,30,41,26,34,20,36,44,15,13,49,12,48,46,8,40,14,1,51,27,35,23,19,7,29,25,52,22,11,18,50,37,10,31,24,4,2,28,32,5,47,43,3,45,17,42,6,21,16,33
10,50,1,38,43,33,51,42,24,23,6,28,2,11,25,19,37,12,17,3,26,20,31,13,39,16,7,15,32,44,45,18,52,22,21,9,5,30,35,41,40,36,29,46,49,48,14,8,34,4,27,47
40,33,52,17,2,24,51,42,4,6,7,41,47,9,20,15,11,37,13,19,30,28,35,1,25,39,29,22,23,34,16,36,26,27,18,31,48,50,5,46,8,14,45,3,43,10,49,38,44,21,32,12
20,44,29,43,22,40,46,26,14,48,17,41,1,15,16,7,45,32,27,19,51,23,8,24,49,28,38,42,21,36,3,2,37,33,13,30,10,6,52,31,5,35,18,50,39,9,11,34,12,4,25,47
22,52,26,32,33,21,30,1,43,4,36,41,19,2,13,50,24,27,40,23,29,35,34,9,44,31,12,48,8,7,16,17,18,25,45,20,6,38,28,49,5,39,46,42,3,14,10,37,47,11,51,15
50,32,36,20,4,21,1,2,40,46,35,24,14,45,15,25,49,8,30,52,13,12,5,31,9,42,10,18,17,33,27,51,6,16,47,41,29,38,3,19,43,48,39,11,7,26,28,22,34,23,37,44
18,49,35,47,19,17,10,4,7,50,25,1,29,16,15,8,14,37,41,43,13,34,45,38,12,3,21,46,5,9,31,22,33,36,20,39,48,44,23,32,26,24,42,30,28,52,6,40,11,51,2,27
7,3,18,35,21,41,27,6,24,38,4,14,20,45,39,28,12,51,36,8,34,30,9,16,2,31,10,17,43,13,19,50,46,40,1,11,22,44,26,49,48,37,32,42,33,29,15,25,5,23,47,52
37,23,19,51,26,40,24,39,45,2,6,14,15,35,50,4,41,43,20,48,21,28,11,47,17,13,18,5,31,44,32,52,3,38,27,49,36,25,10,29,33,42,8,7,30,12,22,46,16,34,9,1
31,48,9,22,17,46,4,14,38,8,37,42,35,11,19,28,50,39,23,43,21,16,25,2,36,44,15,32,47,52,26,30,10,51,12,18,45,34,13,33,1,49,6,5,3,41,29,27,24,7,20,40
51,43,28,13,49,4,37,50,12,39,20,1,38,26,40,18,5,22,44,41,19,14,17,45,34,8,23,42,32,15,2,36,52,11,21,31,46,7,25,48,47,10,16,27,29,9,6,3,35,24,30,33
1,33,32,20,10,23,6,42,44,46,18,7,51,19,31,34,25,28,21,45,24,29,11,50,14,38,35,17,12,9,48,8,15,26,47,4,43,41,2,39,27,36,22,5,49,16,52,37,3,13,40,30
34,40,24,10,30,38,14,32,1,41,2,26,27,49,20,45,11,29,5,50,16,43,33,52,21,8,48,28,25,42,36,37,39,9,13,31,19,4,44,35,3,22,15,18,47,17,12,23,6,51,46,7
15,1,32,23,18,6,2,47,22,17,24,3,52,16,5,38,48,10,11,45,46,50,41,35,39,29,9,44,36,13,25,34,8,12,40,30,49,42,28,4,19,51,27,7,37,20,26,43,31,33,14,21
46,34,26,31,36,44,50,33,45,8,24,15,5,17,12,16,2,3,40,11,28,30,20,35,18,21,19,38,49,25,32,22,1,23,37,10,43,27,41,29,47,14,7,6,51,4,52,39,42,9,48,13
32,4,50,44,26,9,41,3,28,39,2,46,14,33,23,38,30,37,45,52,34,24,16,29,49,8,40,18,15,10,20,6,25,11,31,7,22,36,47,21,35,27,51,13,17,48,5,12,1,42,43,19
31,28,52,17,22,37,43,6,25,8,39,33,27,20,50,47,12,49,46,11,36,41,30,29,15,16,34,2,10,14,24,3,4,35,13,18,44,51,23,48,32,5,21,45,19,38,42,9,7,40,1,26
18,17,27,8,24,37,1,42,50,28,25,45,32,51,38,10,43,7,49,26,16,9,41,21,12,48,46,47,31,13,2,20,19,11,52,44,23,30,34,29,6,36,40,15,3,39,33,22,14,4,5,35
15,35,46,42,48,25,34,52,12,4,39,21,1,36,11,2,32,20,49,26,6,7,19,3,51,17,22,40,44,38,13,9,33,45,37,30,29,47,41,14,50,24,27,8,23,43,28,5,31,18,16,10
49,51,25,9,28,2,24,6,17,1,30,14,27,23,47,33,15,42,37,3,52,10,39,13,12,50,4,22,18,26,20,11,21,19,41,43,46,36,32,16,38,48,8,5,35,34,31,29,7,40,45,44
3,42,33,9,18,26,14,27,8,20,46,44,11,5,37,24,19,7,2,10,15,39,13,51,49,47,21,35,30,16,17,38,50,25,48,36,1,43,45,29,34,31,6,52,32,12,4,28,22,23,41,40
16,44,14,1,6,22,15,30,46,41,42,28,43,51,31,9,7,40,52,48,24,35,17,3,13,19,39,20,49,25,38,45,18,8,12,50,47,11,5,34,27,37,33,36,21,23,10,32,29,4,2,26
45,49,10,37,41,5,19,14,36,26,2,30,15,40,31,47,1,20,34,28,11,38,43,24,35,9,4,25,29,18,21,33,51,22,13,7,42,46,44,23,16,48,50,8,12,17,39,3,6,32,27,52
5,31,40,7,14,44,3,23,17,39,25,16,43,10,50,41,35,6,19,45,34,49,20,2,33,18,13,9,30,42,21,11,1,22,37,52,38,15,47,27,4,28,26,12,48,24,36,46,51,8,29,32
1,15,14,30,18,33,13,47,4,19,12,23,20,41,29,50,10,49,3,36,46,22,34,37,21,43,35,7,9,45,17,2,6,32,11,44,27,26,48,38,39,42,51,31,25,52,16,40,8,28,5,24
49,26,5,33,36,12,50,22,20,15,13,9,43,19,8,39,16,11,51,30,45,41,23,27,35,1,47,38,6,10,44,42,17,3,31,29,32,34,48,18,46,40,24,4,25,2,28,14,37,21,52,7
47,25,33,39,34,31,15,11,14,6,23,44,24,45,27,2,7,19,22,8,13,18,37,10,9,17,50,46,26,28,3,51,30,52,20,38,36,1,32,49,35,16,29,43,12,42,21,41,48,40,5,4
36,14,28,49,15,6,34,26,4,33,24,23,39,13,21,30,19,35,9,10,12,47,45,44,51,16,25,37,38,22,18,50,46,42,32,48,52,11,17,5,3,27,41,43,7,29,8,31,2,40,1,20
29,50,28,39,5,32,27,37,44,15,45,23,38,24,52,21,14,34,33,6,19,22,49,31,18,36,26,10,8,9,42,48,46,11,43,25,35,1,13,4,40,17,20,47,30,51,3,7,2,16,41,12
16,11,29,34,36,9,3,7,24,32,39,44,8,6,5,30,38,27,19,21,35,15,25,37,42,33,2,50,41,1,40,23,49,31,17,10,46,28,48,20,12,45,51,47,26,52,14,18,4,13,43,22
50,34,18,7,12,21,23,9,28,20,27,13,25,11,40,10,44,17,35,22,15,16,51,42,36,33,38,24,3,2,48,32,30,19,29,46,8,45,37,14,6,43,41,47,4,5,31,26,1,49,39,52
8,48,26,7,31,30,40,9,14,13,32,36,51,20,23,17,11,22,19,47,2,49,15,16,1,24,43,44,39,33,3,29,41,45,18,5,10,42,38,25,34,50,12,27,28,4,35,21,52,6,46,37
19,2,4,32,26,14,47,27,11,45,25,43,50,23,37,39,20,16,1,35,22,36,6,30,51,46,42,15,13,8,38,17,3,49,48,5,24,34,29,21,28,12,33,10,40,44,7,18,52,31,41,9
23,22,28,9,47,45,46,51,3,29,5,38,20,15,14,32,50,30,52,7,43,39,44,13,17,48,6,36,24,49,21,34,1,35,26,12,37,31,25,19,33,18,11,8,40,4,16,42,10,41,2,27
26,5,25,17,44,28,41,16,27,42,4,46,33,40,35,43,13,8,11,19,39,9,48,31,51,3,29,52,50,49,47,37,21,32,38,30,7,2,36,34,10,15,6,18,14,23,22,12,24,1,45,20
8,6,38,44,42,4,43,5,11,26,16,37,33,20,34,47,24,48,1,36,29,41,9,25,18,28,22,14,19,52,13,49,39,46,15,40,35,7,10,21,3,27,23,2,32,45,17,50,31,51,30,12
22,14,19,8,46,43,3,27,5,39,33,49,7,32,11,12,25,38,44,9,40,52,16,20,2,47,45,37,36,51,31,10,1,21,24,41,42,13,34,50,6,4,48,17,15,23,30,28,35,18,26,29
3,14,26,42,49,35,50,1,47,19,38,9,17,34,15,48,39,37,52,7,21,28,2,43,33,24,31,6,4,20,41,44,16,22,40,29,23,27,36,18,30,25,12,32,46,45,51,5,13,10,11,8
1,42,24,32,4,37,30,50,45,23,15,49,6,31,51,22,8,7,20,39,41,52,35,14,25,19,17,40,44,48,5,46,3,26,33,11,16,12,18,28,2,9,34,29,43,36,13,27,47,10,38,21
21,50,49,17,37,51,18,32,22,10,27,12,44,15,45,29,40,26,28,43,2,46,48,5,11,25,31,7,52,6,19,41,13,47,23,42,3,8,24,33,4,38,34,30,1,35,36,20,16,14,39,9
28,5,38,41,46,33,18,48,16,20,12,9,4,44,14,30,34,35,6,25,21,45,27,37,32,50,17,11,42,31,1,24,39,43,3,15,51,22,7,19,13,47,2,8,26,10,49,52,23,29,40,36
6,44,15,45,26,12,13,38,48,29,39,37,9,31,50,16,22,46,7,2,36,28,52,49,20,34,40,33,3,32,19,24,5,41,10,1,14,18,11,25,30,23,42,51,17,21,27,35,8,43,4,47
10,23,19,16,37,21,36,38,48,8,22,44,50,9,29,30,43,2,34,20,40,6,15,51,31,17,5,27,11,42,41,25,24,13,18,35,4,1,3,28,46,26,49,47,7,33,45,12,32,14,52,39
6,24,40,29,35,23,14,9,17,2,3,33,30,45,25,39,28,51,48,49,31,32,38,47,52,10,16,50,20,5,22,13,18,44,7,43,42,37,41,1,15,34,19,12,36,27,46,11,26,21,4,8
33,46,10,4,26,20,29,16,9,49,22,34,21,7,1,40,13,37,31,47,14,18,11,8,39,12,45,30,32,19,6,36,41,44,28,3,25,35,15,43,2,24,5,38,42,52,50,27,48,51,17,23
35,7,5,22,49,8,30,20,39,14,37,51,9,21,28,23,48,50,18,32,43,1,6,4,13,36,40,16,11,3,19,42,38,45,46,2,33,24,27,47,41,17,29,10,34,44,15,31,52,12,25,26
21,22,30,32,14,28,27,52,15,2,41,13,10,39,34,47,44,24,19,40,45,37,49,48,25,29,12,36,50,3,17,26,7,11,33,9,38,35,42,18,6,23,46,4,20,43,1,31,51,5,8,16
22,39,18,21,8,32,27,33,28,25,11,46,47,24,4,50,37,35,15,45,40,13,2,52,9,17,1,6,14,16,36,51,23,42,31,48,3,41,49,10,29,7,5,43,44,34,38,12,30,19,26,20
24,10,46,44,13,36,45,43,11,47,22,8,42,34,38,2,52,51,49,21,9,4,39,35,31,7,27,30,20,50,40,37,17,29,18,33,32,41,48,19,15,12,1,23,16,26,28,3,6,25,14,5
13,2,31,51,38,6,21,5,42,12,49,36,14,47,34,28,33,7,35,4,45,10,15,25,17,29,46,19,30,20,37,11,41,16,9,44,24,39,43,18,26,1,23,50,3,32,22,8,48,40,27,52
6,36,39,33,19,43,20,4,23,2,16,1,5,37,47,49,46,8,34,30,51,45,14,40,52,26,21,11,38,7,15,28,22,18,48,50,44,13,25,32,12,24,42,10,9,41,27,35,3,31,29,17
35,4,13,46,12,40,28,22,27,23,34,32,20,30,21,1,6,11,10,29,5,41,25,9,50,39,47,31,7,26,43,8,2,42,44,16,38,45,36,24,33,17,18,19,15,14,3,51,52,49,37,48
4,52,37,49,46,34,25,43,12,41,30,17,42,22,26,36,23,9,11,2,1,31,20,28,32,27,40,18,14,19,35,45,13,10,6,50,33,16,44,39,47,5,29,24,21,3,8,38,15,48,7,51
36,14,52,22,30,17,15,40,12,23,13,51,6,8,4,44,37,9,11,5,42,18,24,50,10,20,7,19,46,49,35,1,41,39,34,2,31,29,21,38,16,28,3,47,27,25,26,32,48,33,45,43
48,35,30,45,32,29,18,3,8,21,37,17,7,14,44,38,27,1,5,2,28,16,46,12,34,43,6,19,26,10,9,41,52,11,33,36,50,42,40,13,22,15,4,20,23,39,31,24,51,49,25,47
17,25,6,1,3,8,47,51,2,30,40,41,31,13,37,19,20,34,48,5,50,27,23,21,14,52,4,12,44,9,24,10,7,42,38,18,45,15,32,11,43,35,46,16,49,22,28,39,29,36,26,33
30,12,19,28,51,24,9,8,42,47,6,49,44,21,23,11,36,41,33,37,50,35,5,14,4,10,22,31,46,13,52,7,45,43,40,1,15,48,34,20,18,32,2,29,25,27,26,17,39,38,16,3
16,1,10,46,8,14,23,51,36,47,38,19,13,22,25,6,17,48,20,29,7,32,28,39,31,45,40,43,49,42,3,44,37,11,2,18,33,26,15,21,24,50,52,30,27,12,4,35,34,9,41,5
42,41,37,52,28,3,12,32,10,45,20,40,9,39,48,11,26,23,44,46,22,25,31,24,15,47,30,6,4,29,2,17,33,36,51,35,49,14,19,43,21,18,38,50,7,27,5,16,8,34,13,1
34,25,18,13,49,19,12,23,50,45,27,38,10,9,11,33,7,26,8,5,44,41,14,20,15,36,3,1,30,22,46,47,48,31,24,37,32,21,17,4,52,40,35,42,43,6,28,39,51,2,16,29
9,24,49,40,12,34,14,50,3,52,19,2,39,16,7,18,20,51,48,26,47,38,41,31,8,25,30,10,35,17,21,45,15,33,37,5,22,42,46,11,1,32,44,23,6,28,29,43,4,27,13,36
15,34,5,10,29,22,36,23,51,35,17,49,46,39,16,42,27,52,40,48,3,25,31,26,38,50,20,37,30,9,7,45,28,47,14,2,6,4,18,1,11,21,12,32,33,8,43,24,13,44,19,41
51,42,48,35,32,26,27,5,36,37,18,47,44,19,16,8,50,23,38,52,34,21,28,45,24,31,43,41,20,9,46,12,22,10,40,3,11,17,30,25,29,6,33,1,2,7,14,13,15,49,4,39
52,47,33,40,24,41,1,21,22,14,5,25,42,9,38,17,50,48,37,13,20,35,28,18,29,49,7,26,3,4,16,45,19,10,8,12,11,31,36,30,15,32,23,6,44,34,39,2,43,46,51,27
22,1,32,49,36,10,6,15,44,45,2,38,20,17,27,23,43,48,41,25,5,29,34,24,26,11,35,8,18,13,7,21,19,14,4,46,40,39,12,47,42,51,50,37,9,30,28,16,52,33,31,3
31,9,10,26,16,12,45,5,14,18,27,8,30,37,44,49,7,36,47,40,34,42,17,23,35,41,20,4,22,52,6,32,43,2,19,13,24,38,46,50,21,1,28,33,29,39,3,25,48,15,11,51
8,5,3,23,40,17,24,44,37,9,16,41,42,28,13,11,25,51,15,2,43,50,29,32,22,10,7,31,4,52,30,48,1,12,47,45,46,6,26,38,19,35,18,39,21,34,49,20,27,36,33,14
42,36,17,38,9,25,32,5,51,7,13,52,48,15,44,34,30,49,35,39,12,31,40,1,26,2,6,46,8,29,28,45,41,20,3,24,21,22,16,50,10,33,27,4,23,19,37,18,11,43,47,14
27,33,41,38,17,24,25,32,20,7,18,51,14,45,16,35,15,3,11,49,43,34,48,22,12,37,9,26,5,40,10,36,4,42,47,8,46,6,52,29,21,31,23,50,1,19,2,30,28,44,13,39
2,50,40,19,46,42,31,47,28,37,11,39,33,41,22,7,26,35,36,51,6,18,34,43,32,23,48,27,21,44,10,17,13,14,1,12,4,49,8,20,30,15,5,9,25,3,38,29,16,52,45,24
20,21,26,4,19,42,11,30,17,28,1,13,29,25,31,49,52,33,12,14,46,10,50,51,6,48,15,36,22,18,44,37,5,34,41,39,32,2,43,24,8,9,7,40,23,3,16,27,35,45,47,38
34,28,13,42,1,45,52,12,3,29,19,33,15,27,10,26,5,8,32,11,50,35,24,48,41,36,49,47,46,9,6,31,22,30,44,14,16,39,25,40,4,20,21,23,37,7,2,43,51,18,17,38
9,28,45,13,27,11,34,15,39,46,18,8,51,26,14,6,22,16,35,23,17,47,7,21,40,3,31,36,2,12,32,42,50,33,52,29,38,1,24,30,25,41,10,48,49,44,5,20,43,19,4,37
10,11,12,19,22,3,20,1,9,8,5,33,30,43,15,29,25,35,46,34,16,50,42,52,2,38,49,32,39,47,40,28,45,13,23,17,6,18,44,31,27,24,37,4,51,14,26,7,41,48,21,36
7,24,48,40,51,22,5,9,44,6,26,38,2,35,34,15,45,43,19,39,42,47,23,33,16,21,41,18,32,14,29,25,8,37,52,46,20,12,49,11,50,17,36,27,3,31,4,13,1,10,30,28
7,15,30,40,8,38,26,6,33,32,42,5,44,49,19,21,20,29,37,3,13,34,52,22,23,14,31,45,2,48,1,41,12,11,17,27,4,46,24,28,51,25,35,50,10,47,36,18,16,9,43,39
11,19,1,16,9,20,2,49,10,13,7,31,25,41,15,26,6,34,29,52,3,5,38,14,47,48,12,40,17,24,43,8,22,39,27,45,50,46,30,44,42,37,32,33,51,28,21,23,4,18,35,36
20,32,51,33,9,3,44,47,7,46,39,11,2,37,29,13,50,38,45,17,36,1,41,4,12,26,21,25,23,8,27,14,42,5,15,28,30,19,31,16,6,40,52,34,49,24,43,35,48,10,22,18
15,22,48,35,12,20,46,28,52,19,36,18,32,30,23,27,1,3,14,4,43,49,45,8,13,37,2,33,17,40,25,6,16,42,5,29,50,31,9,34,24,47,38,39,11,41,26,44,51,21,10,7
46,6,7,40,44,26,29,11,42,19,31,9,36,20,39,47,34,48,50,43,22,2,27,49,21,8,16,35,24,13,12,37,51,4,45,17,5,18,14,15,41,38,23,28,10,32,3,25,33,1,52,30
50,33,19,12,7,39,44,38,2,46,4,31,49,18,47,43,15,25,22,42,5,8,27,29,14,20,26,51,23,34,6,52,35,48,17,21,11,1,13,24,45,41,16,32,3,10,28,36,30,40,37,9
25,22,45,24,8,37,48,3,5,36,1,23,41,27,29,50,26,35,44,30,10,12,47,4,49,31,52,16,39,2,34,33,7,15,19,28,20,46,51,40,21,9,17,13,14,38,6,32,43,18,42,11
7,41,40,28,1,2,4,36,38,29,12,47,35,18,23,16,30,27,22,25,32,21,14,48,42,3,17,44,43,45,46,20,10,26,24,34,31,19,39,52,6,50,51,13,37,11,5,15,33,8,49,9
8,22,17,25,26,32,36,23,10,19,7,24,6,34,12,42,9,2,48,15,21,40,41,11,28,45,49,35,52,44,20,43,37,13,29,27,46,5,1,3,16,39,51,30,4,33,47,18,31,14,50,38
35,29,27,37,15,36,44,45,52,40,24,28,31,5,12,20,11,9,16,10,46,49,2,30,1,13,34,33,25,6,42,23,7,3,47,51,41,50,32,39,21,14,18,8,4,22,17,38,48,26,43,19
43,35,16,41,17,12,38,27,21,8,14,29,23,4,9,46,40,11,33,5,31,50,2,48,51,6,45,3,44,49,18,47,20,36,15,42,19,32,22,1,52,7,28,39,26,37,30,25,34,13,24,10
43,37,9,32,50,45,6,10,3,19,41,8,47,33,29,15,39,2,11,13,14,16,38,28,18,22,31,35,30,48,17,1,36,26,4,21,27,46,24,25,42,44,20,51,7,49,52,34,12,23,40,5
1,47,27,10,45,19,32,21,8,13,43,29,34,7,12,37,31,25,35,49,16,4,6,26,50,38,46,11,42,5,36,18,41,33,22,20,44,14,23,28,51,17,24,39,48,15,52,2,30,9,3,40
37,42,29,13,49,26,50,52,47,7,23,51,31,32,48,33,12,15,46,20,2,9,19,11,16,30,28,45,39,1,6,14,41,4,17,35,40,38,21,27,5,25,36,18,3,10,8,24,22,34,44,43
52,16,33,36,12,28,29,4,13,11,19,51,9,38,8,34,42,30,50,32,43,35,18,1,17,25,22,48,10,47,23,15,37,7,26,39,6,3,24,2,41,27,49,14,21,46,45,40,20,31,5,44
14,50,38,12,5,15,45,44,25,22,32,26,46,7,16,41,1,43,23,34,24,9,19,48,31,39,2,52,27,51,18,36,11,49,37,30,4,10,13,20,8,3,17,6,35,28,42,47,40,29,21,33
17,12,3,27,34,48,41,36,44,5,49,43,32,6,46,30,26,51,13,7,50,14,16,8,1,40,21,47,18,10,9,35,24,45,20,2,28,37,42,39,11,33,52,22,4,15,31,19,23,25,38,29
36,25,6,8,18,11,47,9,44,46,27,39,41,21,15,50,7,4,29,14,16,45,1,20,52,24,38,22,23,34,48,31,42,13,26,37,10,33,3,35,51,43,40,5,2,49,17,19,30,12,32,28
33,38,14,8,19,1,35,25,5,24,16,45,41,3,49,50,13,4,37,2,47,51,29,43,21,52,20,26,32,39,6,28,17,42,11,40,15,22,48,31,27,44,7,10,9,18,30,34,36,23,46,12
35,2,18,28,31,42,40,23,33,16,9,36,13,47,19,12,50,39,17,24,14,27,32,52,44,11,45,3,25,1,48,7,46,29,20,30,26,41,5,49,34,38,51,15,21,6,22,4,43,8,37,10
24,6,36,39,35,38,52,10,41,17,15,32,12,44,30,46,14,26,18,33,47,13,27,34,28,7,4,20,3,49,8,22,43,45,1,23,51,37,9,11,50,19,16,5,48,40,29,25,42,21,31,2
22,6,40,10,11,35,30,51,24,14,9,42,17,43,34,32,3,49,52,46,8,47,48,5,25,50,23,44,12,19,1,41,38,13,16,39,45,21,29,36,28,26,2,37,27,18,33,15,4,31,7,20
47,48,2,7,38,40,36,52,21,15,45,22,16,28,18,30,44,42,17,31,11,34,27,35,9,13,49,50,32,19,23,6,4,24,29,43,14,41,25,20,26,39,51,8,1,33,3,5,12,37,10,46
16,7,32,31,44,25,49,37,15,36,50,12,20,6,27,14,41,10,42,40,22,47,8,39,51,43,17,21,28,52,46,35,9,1,33,2,5,34,30,11,23,45,24,29,38,19,26,3,18,13,48,4
15,23,16,43,35,48,32,24,12,49,22,42,50,21,5,1,8,31,4,13,9,14,39,52,2,37,3,41,47,10,25,11,36,7,40,27,46,19,18,34,51,20,38,30,45,6,17,44,29,28,33,26
40,52,17,30,51,26,2,33,32,45,1,38,43,11,27,28,37,35,44,46,4,49,47,8,15,39,16,22,13,24,20,9,48,18,21,10,34,42,25,7,5,6,29,36,19,31,3,12,23,41,50,14
22,29,23,14,18,38,1,15,32,40,25,10,35,49,28,36,11,8,44,46,19,2,37,7,4,41,48,45,21,30,47,26,3,17,27,5,6,50,39,13,31,34,42,20,12,51,33,24,16,43,9,52
15,26,12,38,23,34,1,24,49,47,35,29,51,3,37,4,9,36,21,50,16,41,28,31,13,46,20,32,27,48,33,2,44,10,40,30,11,25,17,22,43,14,6,42,52,19,5,7,39,45,8,18
39,51,11,12,31,41,43,48,30,26,38,45,52,21,46,24,20,19,33,29,22,28,13,14,1,7,49,2,17,8,37,9,23,6,50,4,10,15,40,32,42,34,27,16,47,3,25,36,44,18,35,5
32,36,28,2,19,13,21,41,5,50,7,51,43,29,46,6,18,1,15,4,14,40,22,17,48,10,37,25,20,34,8,35,31,52,26,27,11,45,38,49,12,33,44,23,24,30,47,3,9,16,39,42
42,37,29,32,3,46,45,33,10,31,20,16,11,6,14,40,8,49,19,12,38,2,48,44,15,26,22,7,36,18,21,25,13,34,24,27,47,52,9,4,35,39,50,1,30,28,43,23,51,41,5,17
22,27,48,13,29,32,52,30,19,36,1,9,39,44,45,40,11,28,17,50,43,14,6,8,25,7,18,34,49,37,47,38,21,10,5,24,12,15,35,33,4,41,16,26,23,51,20,3,2,46,31,42
22,29,9,52,47,19,17,16,13,30,10,49,28,27,4,25,34,35,15,33,5,40,23,31,43,45,48,42,1,3,46,32,2,36,21,39,51,38,14,18,24,20,44,8,6,7,12,11,50,41,26,37
28,52,40,37,4,32,11,29,30,45,36,2,46,51,14,15,50,43,10,47,18,35,39,21,26,13,41,9,24,44,12,42,38,5,31,48,16,25,22,33,6,23,3,20,17,27,19,34,49,8,7,1
36,16,52,1,5,23,38,4,9,41,30,29,51,31,20,10,19,42,40,35,15,27,43,37,28,45,47,2,46,3,17,13,50,26,12,11,34,39,44,25,21,6,32,24,49,8,7,48,33,22,14,18
13,19,49,11,26,46,44,48,21,38,24,36,45,30,10,35,8,17,33,50,7,51,52,40,47,28,27,15,43,37,41,23,14,42,16,4,29,20,2,9,25,39,32,18,12,31,22,34,6,3,1,5
48,13,34,52,41,28,43,46,33,1,50,21,49,44,45,10,16,31,5,39,36,26,12,51,9,2,42,30,40,25,4,22,19,7,32,11,8,23,20,6,29,35,17,24,18,3,14,38,47,15,37,27
31,45,51,9,37,28,26,27,24,3,29,21,46,50,43,17,18,7,14,48,6,25,4,42,19,10,38,35,13,11,30,52,34,41,1,39,20,23,12,5,16,49,40,15,33,32,8,44,47,2,22,36
4,28,10,27,18,12,16,51,2,3,32,39,23,45,30,38,41,9,11,8,17,40,43,31,48,20,25,42,24,52,13,5,37,14,22,33,49,35,15,47,19,50,29,26,6,21,7,36,1,44,46,34
2,31,11,8,50,15,17,52,16,6,49,27,7,34,39,43,46,25,51,36,30,20,38,21,40,42,23,35,10,13,22,29,26,32,3,48,33,14,44,4,9,19,1,47,37,45,24,5,18,41,12,28
6,25,41,50,20,35,31,49,48,36,23,33,2,45,18,21,22,28,19,8,27,10,32,51,44,5,9,14,37,13,46,11,42,40,26,16,17,34,3,43,12,1,39,38,52,15,4,24,29,30,47,7
35,34,13,19,27,11,26,50,30,51,4,10,7,42,5,24,28,39,41,43,40,21,32,15,47,8,33,45,6,16,44,22,52,49,20,25,1,36,31,23,37,48,9,38,14,2,18,3,12,17,46,29
34,21,44,25,28,36,43,51,6,26,1,22,49,27,42,16,18,46,37,2,24,10,9,38,4,23,33,29,40,19,14,35,47,15,7,13,48,5,41,20,30,12,45,52,39,11,8,31,50,17,3,32
38,33,30,35,37,17,1,46,9,51,7,23,42,26,45,13,18,39,24,36,43,2,21,5,27,19,47,44,28,16,15,52,50,8,31,14,32,48,12,4,10,41,22,6,3,49,29,34,25,11,40,20
2,27,52,36,3,46,26,45,42,23,14,32,51,48,17,50,13,15,39,41,16,11,33,20,49,24,5,19,43,4,38,25,6,22,8,10,44,9,37,47,31,18,29,1,7,12,28,21,34,35,30,40
3,1,40,44,32,25,10,24,17,50,48,37,9,51,30,46,34,20,36,19,12,38,16,26,42,8,43,45,23,7,15,21,4,28,47,11,49,14,33,5,39,22,2,52,31,27,13,35,18,6,41,29
26,27,1,48,12,2,14,4,28,41,16,42,37,43,3,49,40,25,23,17,5,45,36,9,47,18,52,22,24,33,31,6,50,32,44,15,21,30,10,13,19,11,38,7,35,39,51,20,8,34,29,46
34,29,26,32,41,44,52,10,13,17,50,51,21,6,14,49,39,8,4,47,33,28,2,9,11,42,16,19,35,24,31,12,7,1,27,25,45,18,23,38,22,36,40,48,30,46,15,43,3,37,20,5
45,37,19,21,7,42,43,51,20,48,16,14,34,30,33,38,6,18,31,5,23,3,1,36,13,41,49,46,39,52,17,40,10,29,15,11,2,25,4,9,32,24,8,44,22,27,26,28,35,47,12,50
51,14,37,45,12,41,15,7,8,22,17,19,24,25,43,30,28,29,3,1,52,38,39,13,31,33,32,27,47,2,4,50,16,18,48,20,49,34,46,6,21,42,5,11,35,40,26,44,36,23,9,10
50,8,37,23,9,5,40,14,13,52,24,27,25,21,29,44,38,22,41,26,35,3,6,39,17,16,33,11,51,1,10,2,43,15,12,20,30,18,45,46,4,36,49,19,34,42,47,7,31,48,28,32
21,15,27,7,8,14,31,30,11,23,17,50,51,12,33,34,40,24,26,52,10,46,44,13,5,41,28,2,45,42,36,43,6,39,18,1,48,22,4,19,47,32,9,16,29,20,37,35,38,49,25,3
34,14,10,46,23,5,4,2,25,37,31,24,8,44,42,11,38,7,32,18,22,49,20,15,16,30,40,9,39,19,12,35,21,29,13,36,41,51,45,1,3,28,43,27,33,26,50,48,6,52,47,17
6,13,22,19,35,44,50,37,29,3,17,46,12,42,40,30,34,49,14,5,8,2,48,47,33,23,21,24,1,20,16,51,25,43,18,39,36,31,11,28,27,52,4,10,38,41,32,9,26,15,7,45
14,42,48,39,34,15,43,8,35,33,40,28,7,23,4,3,52,21,31,1,50,36,2,37,10,22,46,30,26,19,51,32,47,11,20,16,38,29,5,17,24,49,18,6,25,41,12,13,44,27,45,9
41,33,20,19,4,26,46,48,3,13,52,12,24,14,7,9,45,25,1,49,47,29,35,23,31,38,44,10,40,16,32,21,5,17,43,30,15,51,27,11,39,34,8,28,36,2,42,6,37,22,50,18
41,44,49,37,46,19,20,51,34,13,29,38,3,4,25,7,23,26,48,9,24,28,16,5,18,52,8,42,21,12,15,32,43,50,27,2,10,47,35,1,22,30,45,40,36,39,33,14,11,6,17,31
52,18,10,16,24,2,26,42,32,37,40,22,4,44,36,27,29,20,51,19,47,6,46,21,30,45,31,43,50,17,11,39,9,48,49,5,15,34,1,38,41,14,23,8,28,12,3,13,35,7,25,33
40,26,1,38,52,44,7,36,5,13,12,47,16,43,23,41,46,37,11,29,28,14,22,21,20,25,27,15,24,34,9,42,50,10,32,45,31,4,8,6,17,3,35,33,18,39,51,30,19,2,49,48
27,17,31,44,19,35,5,11,7,16,26,32,28,49,51,29,34,23,52,21,30,20,33,13,24,18,41,36,9,38,3,1,25,46,4,2,15,47,8,40,45,39,6,22,12,42,10,48,14,37,50,43
23,40,8,52,37,7,42,45,38,4,2,50,13,43,29,27,34,28,32,46,39,16,3,26,47,49,10,51,17,18,33,6,44,21,20,5,25,41,15,11,1,48,36,19,22,24,9,30,12,14,35,31
2,52,30,31,50,34,17,16,45,38,9,44,49,36,13,35,42,15,4,29,12,23,40,28,46,48,22,3,20,1,7,25,27,43,32,33,41,6,21,5,14,24,37,26,39,51,47,11,18,8,19,10
19,10,49,34,30,50,20,40,29,33,2,43,25,15,14,37,17,5,24,7,32,38,22,9,51,35,8,16,26,1,44,18,52,48,47,28,21,45,36,31,11,42,41,3,39,46,6,13,12,23,27,4
3,46,42,28,34,18,39,25,24,7,51,12,19,13,11,33,27,35,23,22,26,50,20,16,49,41,30,5,31,52,2,48,32,4,45,17,8,21,6,36,15,43,1,14,10,44,47,9,40,29,38,37
14,15,30,13,20,18,40,33,25,17,16,12,5,48,37,47,45,52,27,26,28,8,42,39,23,7,22,51,19,35,32,1,43,11,9,4,49,34,36,44,29,24,50,3,21,2,6,38,10,46,41,31
23,51,41,52,39,48,25,4,9,24,31,18,49,14,12,36,47,1,28,2,42,6,13,40,37,26,35,17,21,43,45,33,8,3,5,27,38,16,46,50,19,15,20,44,10,32,22,7,11,34,29,30
45,48,43,42,47,21,11,31,7,34,22,4,29,30,8,44,27,1,16,20,5,14,49,38,50,33,28,15,32,12,24,35,6,3,51,25,18,2,37,9,19,39,26,23,17,52,10,36,13,41,40,46
31,43,19,13,50,23,48,6,33,38,29,2,21,34,37,52,16,44,41,15,27,1,28,7,35,17,9,51,39,49,5,42,22,30,10,24,3,14,8,20,40,4,11,45,26,46,32,12,47,36,25,18
52,29,7,23,25,51,27,36,20,38,48,11,9,46,37,17,22,50,16,14,5,15,28,40,10,35,41,21,33,18,24,12,6,8,31,42,47,45,49,4,19,1,39,2,34,26,32,3,30,44,13,43
4,45,21,50,51,30,44,25,28,36,13,7,48,43,41,19,38,15,27,42,1,8,17,5,40,29,34,47,10,31,32,33,16,37,18,11,46,49,26,20,9,35,2,24,3,52,14,12,23,39,6,22
3,23,11,9,51,21,32,34,31,13,45,19,10,37,24,2,33,52,43,42,38,35,47,14,44,28,29,40,26,36,48,22,1,4,27,46,30,18,7,8,39,15,5,16,41,6,25,20,17,50,12,49
38,30,42,21,33,41,18,2,49,43,29,12,45,3,4,44,22,27,48,47,35,26,15,11,10,16,31,39,34,32,36,1,25,37,23,17,50,51,24,8,7,40,19,20,52,9,28,13,14,6,46,5
42,32,2,5,36,34,28,4,43,18,15,38,3,19,1,14,31,44,30,20,12,40,11,50,21,25,47,16,48,45,24,33,26,37,35,9,46,29,22,13,49,51,23,8,6,17,39,27,7,10,52,41
26,9,20,7,32,37,48,39,19,23,15,46,40,25,44,38,49,12,43,52,21,33,2,17,28,13,35,22,3,45,27,41,1,24,51,50,34,42,36,18,31,6,14,16,10,8,29,47,4,11,30,5
35,15,3,24,39,41,9,47,6,16,26,1,10,21,45,14,2,4,19,33,46,43,49,17,20,22,48,23,27,12,25,30,37,52,42,31,5,13,7,18,38,29,34,28,32,36,44,51,40,50,11,8
30,18,33,10,17,16,26,41,7,52,47,13,45,31,4,48,6,9,21,32,43,28,36,25,35,51,40,8,37,11,49,42,22,27,5,44,34,3,39,19,24,20,12,14,2,23,1,29,50,15,38,46
48,42,19,18,5,49,11,15,25,30,8,10,45,36,1,46,44,2,52,39,6,16,37,7,47,9,32,31,23,26,12,51,22,34,14,17,21,13,43,24,35,33,27,20,41,29,40,38,4,50,28,3
27,5,24,9,4,40,50,43,25,47,18,42,19,20,31,8,51,26,29,10,44,14,32,38,22,39,37,23,6,16,28,11,7,3,17,52,13,48,35,1,12,33,34,2,36,15,30,41,21,45,46,49
52,40,41,14,35,8,25,19,11,46,33,3,15,43,7,24,16,27,29,31,4,12,48,37,42,36,34,47,30,38,13,18,49,28,10,9,17,23,50,20,32,44,45,22,26,5,2,6,21,51,39,1
39,35,28,11,45,34,27,25,47,41,38,9,36,24,14,15,43,4,13,2,29,5,10,19,37,8,50,26,46,22,30,23,6,16,44,40,42,18,3,12,31,33,21,48,52,49,32,51,1,17,20,7
47,16,21,9,7,46,49,39,4,18,11,34,29,10,37,17,30,13,52,20,50,3,40,15,5,38,23,42,19,36,12,48,43,35,51,41,6,14,1,33,44,22,2,26,27,31,45,8,25,28,32,24
34,45,35,29,38,33,37,19,48,20,36,44,7,39,11,9,16,51,43,41,5,26,12,25,4,15,31,6,28,17,23,46,50,3,42,24,32,2,40,18,49,1,21,14,22,47,27,30,10,13,52,8
42,24,47,48,5,21,32,8,40,36,29,1,31,50,43,49,39,22,13,11,33,7,46,2,28,16,15,41,17,25,26,14,10,12,20,45,51,3,9,18,27,34,44,37,23,19,52,35,30,4,38,6
9,24,47,5,32,22,3,17,13,31,28,49,33,23,30,4,38,6,1,7,8,48,41,25,35,39,45,2,46,36,21,27,37,40,50,34,20,52,18,44,42,10,26,14,43,16,11,12,19,51,29,15
3,26,38,13,37,46,51,11,50,25,41,18,10,45,19,20,6,7,40,27,36,52,42,16,31,29,28,32,4,34,49,14,30,43,39,44,12,9,8,15,21,5,17,48,22,33,35,1,23,47,2,24
16,8,2,11,52,28,30,48,18,9,7,1,25,41,31,40,50,42,29,22,15,27,51,47,33,32,14,12,19,46,38,39,4,36,20,21,10,45,49,34,35,43,17,44,26,37,23,3,5,13,6,24
37,15,31,29,45,7,39,51,4,21,11,28,17,36,14,24,34,33,19,35,38,27,22,3,42,49,43,18,13,9,20,52,1,23,30,5,25,44,2,41,40,6,10,50,16,26,46,8,47,32,48,12
46,35,24,19,45,27,40,37,4,17,15,51,25,32,10,1,14,34,12,47,7,8,13,30,11,33,9,26,42,48,5,29,52,18,22,50,43,38,31,49,39,20,28,3,44,21,2,23,41,36,16,6
19,38,33,12,3,16,51,44,30,52,48,47,11,50,41,2,45,32,42,18,46,13,17,15,31,27,25,35,24,7,14,8,37,22,4,49,28,23,29,1,34,9,40,39,10,5,21,43,26,6,20,36
27,40,46,17,28,19,23,21,34,8,30,29,39,16,37,24,18,11,45,49,52,15,22,7,14,20,2,36,6,51,43,42,26,25,10,35,48,9,3,44,12,38,13,4,32,50,5,47,31,41,33,1
25,31,11,9,15,24,19,49,43,47,46,13,18,33,52,7,28,29,3,50,41,40,48,51,22,36,39,1,34,26,37,14,12,5,27,38,32,16,45,23,20,42,4,8,21,2,6,30,17,44,10,35
10,47,21,29,40,5,33,12,26,16,45,8,17,2,50,30,23,11,25,37,32,36,31,35,9,27,34,42,28,1,24,43,38,44,52,6,48,3,51,7,49,22,19,20,13,4,15,39,46,18,14,41
2,25,20,49,37,48,30,1,8,11,28,24,14,43,36,52,19,22,51,38,45,12,41,21,15,44,39,40,9,42,34,31,47,10,6,4,29,35,23,18,17,50,3,27,33,32,46,16,26,13,5,7
51,33,41,15,11,52,12,25,50,29,44,17,26,7,18,5,36,31,10,13,2,43,1,42,16,38,30,37,45,49,21,27,22,14,3,8,35,48,40,23,39,20,34,24,47,9,6,32,46,19,4,28
50,31,13,49,51,32,45,36,16,33,34,44,46,42,14,7,21,43,37,38,40,23,28,17,30,3,27,20,35,26,52,22,2,5,39,24,48,10,11,15,19,8,41,1,4,29,6,18,9,25,12,47
14,31,5,32,36,28,1,13,41,27,25,18,23,10,42,35,30,9,15,43,26,38,7,51,16,47,24,22,21,2,19,17,3,52,45,48,20,34,44,12,11,8,39,40,50,33,4,29,37,6,49,46
26,2,27,16,37,10,52,6,23,44,28,29,47,7,4,11,40,31,50,38,12,51,19,15,18,17,22,46,21,8,5,45,48,41,43,24,14,32,3,33,34,20,9,36,13,35,39,49,25,1,42,30
51,30,14,15,46,48,43,29,7,10,49,18,16,26,32,23,44,9,2,8,4,34,3,47,11,20,36,42,27,41,52,50,24,38,33,6,25,5,31,45,40,21,37,35,19,13,12,28,39,17,22,1
31,25,22,21,45,52,38,43,14,41,23,44,48,46,10,4,32,3,42,35,9,50,2,34,33,6,12,37,49,39,29,47,27,13,18,51,19,8,30,11,5,24,28,17,1,26,20,40,16,7,15,36
35,3,38,21,43,30,13,15,12,45,32,1,26,29,2,37,27,31,46,25,11,7,18,39,9,10,34,41,42,5,22,51,6,16,49,8,4,47,28,40,17,33,44,20,14,23,48,24,19,50,36,52
18,12,28,47,14,22,23,6,26,30,2,10,50,4,16,24,40,32,45,33,46,9,39,7,29,20,17,11,43,52,35,25,31,48,36,38,21,42,34,1,19,8,15,49,13,5,41,3,51,37,44,27
24,5,44,23,39,16,2,1,20,31,3,40,8,9,19,15,30,48,47,33,45,29,37,27,41,28,25,4,13,51,52,36,35,11,7,42,10,22,12,26,34,46,18,43,50,32,6,38,21,17,49,14
48,22,38,31,45,16,29,44,9,35,6,15,24,37,23,32,33,21,42,27,13,43,39,36,34,11,12,2,52,3,14,46,5,26,1,47,25,19,41,28,49,51,10,50,17,20,18,8,30,40,7,4
52,35,30,16,14,50,19,22,11,7,15,8,18,45,36,40,6,28,25,41,48,2,13,38,32,49,20,31,27,3,39,26,34,37,51,33,21,23,5,46,24,10,12,44,29,9,47,4,17,1,42,43
16,47,43,3,4,14,34,11,35,9,25,36,37,39,45,49,19,41,33,28,50,6,51,21,52,26,42,8,20,38,13,30,17,46,10,12,27,18,32,48,1,29,23,2,44,24,40,22,5,7,15,31
32,16,52,25,30,13,14,49,33,20,38,29,47,36,45,48,50,46,4,27,18,43,35,15,41,7,5,34,6,12,2,24,10,28,17,9,37,26,3,22,21,40,51,31,42,8,1,11,39,44,23,19
41,40,7,44,5,22,36,20,49,25,39,37,23,26,50,47,16,24,42,48,21,10,27,31,4,12,43,34,3,46,45,52,8,38,33,51,1,9,2,35,13,19,11,30,15,14,17,18,29,6,32,28
4,29,39,49,24,30,37,33,45,5,40,46,25,17,19,36,31,9,26,32,51,20,38,12,47,14,8,50,16,28,10,13,35,48,41,11,22,21,42,23,52,7,3,15,6,44,27,43,18,34,1,2
51,40,30,37,16,47,20,34,48,15,35,23,46,26,14,22,9,50,5,32,25,12,8,28,39,49,42,31,2,1,24,38,33,6,13,18,43,36,11,41,7,10,19,3,17,27,21,45,4,29,52,44
48,2,35,17,50,33,41,29,46,11,22,32,20,9,13,40,47,51,19,25,34,28,49,7,43,31,10,1,37,4,38,5,36,3,30,6,23,21,12,52,26,18,27,14,44,45,8,16,39,42,24,15
43,10,32,19,20,41,40,49,16,37,13,12,4,30,48,42,8,52,23,39,33,11,28,2,9,3,24,31,25,34,6,18,5,47,29,1,45,21,17,22,14,50,46,27,35,38,26,7,51,44,15,36
45,9,21,32,12,17,16,34,47,30,8,18,4,36,23,38,28,14,7,48,1,20,13,2,37,25,6,19,43,5,3,50,15,11,24,33,52,10,51,31,42,39,41,27,35,49,46,29,40,26,44,22
48,6,44,46,27,38,2,5,13,51,33,52,50,36,34,9,35,49,22,20,43,42,24,15,31,23,1,11,41,37,12,26,10,18,4,17,40,7,39,3,25,21,45,19,47,32,14,16,30,29,28,8
3,39,37,41,21,42,26,15,8,27,17,10,13,2,24,14,12,1,32,52,49,25,47,31,11,22,33,9,30,36,29,6,46,35,28,48,20,40,45,4,16,19,34,43,7,50,38,23,5,51,44,18
8,18,2,20,33,36,17,22,38,37,34,10,21,29,4,51,25,49,48,41,30,46,16,26,6,28,14,39,27,45,47,7,1,44,24,32,35,3,31,12,15,50,43,13,11,40,5,52,19,9,42,23
26,43,34,51,17,35,24,36,47,45,50,29,25,32,1,9,33,2,16,49,14,6,31,20,27,39,38,40,23,46,11,42,8,4,7,10,18,52,5,22,30,3,15,41,19,13,28,48,21,44,12,37
33,29,47,24,40,10,46,1,43,51,32,12,26,14,37,18,9,15,11,3,2,7,27,31,34,44,52,13,38,36,48,50,23,6,25,5,19,49,20,22,21,17,16,41,42,39,30,45,28,35,4,8
27,18,20,10,17,5,22,38,51,39,6,31,23,35,26,21,44,34,4,25,14,33,50,3,46,12,41,29,49,15,30,11,1,32,19,52,7,48,37,24,45,47,8,16,42,13,2,28,43,9,40,36
33,18,46,38,34,26,25,52,11,51,13,48,50,42,30,23,10,24,36,35,44,41,22,49,32,4,2,40,21,47,45,43,14,20,7,1,16,12,3,19,39,27,28,8,29,15,5,6,37,31,17,9
11,4,25,2,48,30,38,39,27,12,40,6,18,35,43,52,1,41,8,13,47,36,42,37,46,16,21,34,33,3,19,22,17,44,26,7,15,28,51,31,50,10,29,14,49,23,45,24,32,5,9,20
11,20,52,8,32,15,19,45,21,50,48,38,10,1,5,4,41,12,33,47,22,7,51,36,18,3,27,49,31,35,13,9,14,25,46,43,39,23,30,6,26,34,28,42,44,37,16,2,24,40,17,29
36,31,46,30,10,22,14,21,34,42,19,27,51,49,3,25,41,33,24,1,13,26,16,5,17,47,50,15,9,38,44,23,2,40,4,52,32,6,12,11,8,18,35,7,37,43,29,39,48,45,28,20
9,23,18,35,27,51,8,10,4,24,29,11,1,5,19,46,41,3,13,45,15,47,6,25,33,37,17,40,21,2,43,7,44,20,30,48,32,16,31,26,42,49,52,28,22,12,50,34,14,38,36,39
35,46,47,11,19,7,1,32,10,40,24,25,44,6,28,5,50,39,36,20,18,3,38,37,21,26,13,16,30,31,22,9,48,34,12,17,43,45,29,2,14,41,49,23,33,42,52,15,4,51,8,27
7,11,6,38,32,18,12,16,45,40,17,39,37,23,41,13,5,50,1,2,31,26,14,27,10,25,47,46,44,43,19,52,36,4,48,22,15,3,33,9,21,35,49,30,28,8,24,20,29,34,42,51
1,26,51,24,16,32,27,5,34,37,29,22,4,35,33,43,11,21,12,30,17,39,46,15,44,20,49,7,38,9,8,19,36,23,48,18,40,6,31,3,10,25,47,28,14,50,42,52,13,2,45,41
51,12,26,8,21,33,19,2,39,35,47,4,3,50,48,46,7,43,13,31,38,28,9,16,29,6,24,17,20,15,41,45,1,25,49,32,37,11,22,44,14,23,52,27,30,5,36,34,18,42,10,40
33,29,2,39,21,26,47,13,36,9,34,8,35,46,52,11,40,12,14,31,27,20,18,51,37,49,24,45,41,50,43,44,6,1,10,32,28,38,16,42,4,23,5,48,25,7,30,22,3,17,15,19
19,44,10,20,43,21,2,15,52,14,17,37,16,46,29,41,24,47,27,42,3,4,22,6,25,36,13,12,28,49,40,1,50,8,48,7,33,38,30,9,5,26,45,34,11,31,23,51,32,18,39,35
25,28,51,34,37,18,6,23,45,31,26,27,43,49,32,39,22,10,33,9,12,40,21,36,8,1,41,3,5,11,47,30,44,46,29,20,17,7,15,52,42,13,35,2,50,19,38,16,14,24,48,4
20,52,8,7,25,42,44,50,16,40,31,21,12,37,43,26,6,22,46,51,48,11,1,41,35,23,29,2,47,34,32,13,27,18,5,4,19,9,3,33,39,15,38,49,30,36,28,14,45,24,17,10
30,50,52,10,26,40,27,49,13,48,22,46,18,8,24,7,4,38,33,32,3,47,42,29,12,6,2,51,41,28,43,37,36,44,16,25,21,1,15,39,9,31,34,23,45,17,14,11,5,35,19,20
27,52,11,26,32,6,44,23,30,12,33,1,50,9,24,34,42,43,4,38,10,8,18,17,37,2,46,49,7,16,45,21,41,28,36,20,39,25,29,19,22,51,40,47,5,48,13,15,3,31,35,14
15,36,12,28,29,43,30,35,37,10,4,19,24,18,21,45,25,2,27,31,11,51,9,1,47,33,23,3,5,26,50,49,34,42,22,17,39,44,32,20,8,38,6,7,40,16,13,41,46,52,48,14
52,44,23,30,24,47,33,4,45,5,36,46,14,32,10,34,37,35,13,29,18,38,28,2,3,48,15,19,1,25,42,49,43,8,12,51,31,20,26,27,7,16,39,50,6,21,41,9,40,17,11,22
51,43,49,45,34,22,40,25,41,24,33,38,52,6,32,23,37,26,31,7,3,19,21,13,18,4,48,39,20,50,5,17,10,42,44,15,29,8,47,11,27,30,1,35,46,12,9,16,14,2,36,28
23,37,41,16,45,39,12,31,21,40,5,46,28,51,9,27,8,26,30,44,49,15,43,13,2,35,42,47,33,6,11,19,18,4,34,38,17,36,24,52,3,1,14,50,22,25,10,7,32,20,29,48
46,19,33,12,3,23,35,9,25,36,17,1,34,2,51,41,24,50,43,11,18,10,47,39,37,16,15,48,21,7,5,49,42,8,30,20,13,38,27,4,22,40,29,45,26,28,32,31,52,44,14,6
46,24,26,52,51,41,32,2,11,19,16,1,29,34,48,5,20,45,15,35,9,10,36,33,12,25,6,44,40,39,21,37,23,3,30,4,13,18,49,8,43,7,28,42,22,17,38,14,27,47,31,50
35,19,1,15,44,8,27,11,26,36,45,21,23,14,38,18,3,17,12,49,50,16,52,4,48,34,10,42,20,25,30,7,28,31,41,39,6,47,43,2,22,37,29,9,33,13,5,46,32,24,51,40
22,4,47,49,17,39,9,35,1,40,10,5,33,15,25,21,48,43,23,2,46,26,11,28,36,44,29,3,27,14,6,13,37,50,51,45,19,8,34,12,32,41,52,24,31,42,16,38,7,20,30,18
14,5,38,39,48,21,9,6,27,12,25,1,49,22,28,24,41,16,40,23,15,32,20,42,52,10,33,4,19,26,30,8,46,11,44,34,29,43,3,2,31,37,47,51,45,7,36,13,35,17,50,18
44,25,29,45,24,23,52,1,13,9,11,37,12,46,34,31,19,2,32,27,4,22,36,39,17,42,18,10,28,51,48,30,8,33,16,40,7,47,6,21,43,5,26,15,20,14,41,35,3,50,38,49
9,32,25,14,1,51,2,37,15,34,11,52,4,29,10,47,44,5,42,39,40,46,43,28,16,36,12,26,6,23,18,27,50,20,21,17,30,3,7,49,41,8,38,13,35,45,31,19,33,22,24,48
27,50,43,3,12,48,45,21,2,25,44,47,15,30,35,10,7,28,23,33,6,51,52,31,5,16,26,8,37,38,19,34,39,18,40,46,17,42,20,13,22,11,29,36,9,14,41,24,4,49,1,32
44,45,25,46,19,35,30,40,42,49,16,48,34,11,28,7,27,10,12,43,37,50,26,31,18,20,36,4,38,33,39,17,29,21,8,52,41,47,23,24,5,2,32,15,3,14,1,13,51,9,22,6
7,16,49,44,45,37,25,27,10,52,34,43,32,15,30,14,42,36,40,48,38,3,8,51,22,28,39,31,6,17,33,4,47,1,13,26,19,12,24,21,41,9,46,23,20,50,11,2,35,5,29,18
22,40,24,17,9,15,4,2,41,26,13,36,38,29,51,7,43,31,20,16,14,46,12,19,47,10,23,28,1,52,8,42,44,11,3,34,35,37,32,50,30,6,27,5,48,49,33,25,18,45,39,21
7,38,39,8,1,4,52,2,19,27,31,13,28,21,14,18,16,29,50,41,37,43,30,46,23,3,25,35,17,12,10,20,51,11,45,6,26,40,24,42,36,34,5,47,49,33,22,15,32,44,48,9
35,41,28,20,31,46,5,30,24,17,21,29,23,22,39,14,40,34,45,26,10,37,32,3,19,13,12,11,8,9,1,38,27,50,43,7,42,15,16,52,49,44,36,47,33,4,48,51,6,18,25,2
47,32,10,25,13,41,26,48,17,50,6,8,28,34,38,12,35,18,24,4,36,15,42,43,23,1,51,20,30,5,40,31,16,9,52,7,11,46,19,39,27,14,2,21,29,3,22,44,37,45,33,49
21,47,38,24,29,4,32,36,28,33,16,6,1,2,46,45,7,37,15,25,12,13,19,14,48,30,11,50,3,40,22,42,10,8,44,23,35,18,41,5,9,20,26,39,27,51,52,43,31,49,34,17
13,29,40,41,19,4,42,33,11,9,30,31,24,50,25,10,15,6,46,52,16,8,28,39,49,38,17,48,44,5,37,12,43,1,35,14,7,32,21,2,36,51,27,20,26,23,18,45,22,34,47,3
